battery_id,cycle,voltage,temperature,capacity,sohdecimal,soh,rul,
B0005,1,3.53278107,32.53689092,1.861976462,1,100,167,
B0005,2,3.542967988,32.64359509,1.851862026,0.994567903,99.45679035,166,
B0005,3,3.55305613,32.52252562,1.84080783,0.988631096,98.86310959,165,
B0005,4,3.54584852,32.49208273,1.850058172,0.993599119,99.3599119,164,
B0005,5,3.544456056,32.36861158,1.849432496,0.993263091,99.32630912,163,
B0005,6,3.555518011,32.25124162,1.84113789,0.988808359,98.88083591,162,
B0005,7,3.55039174,32.36619211,1.840621408,0.988530975,98.85309755,161,
B0005,8,3.557436451,32.36748862,1.83116383,0.983451653,98.34516533,160,
B0005,9,3.553496939,32.33964837,1.839545835,0.987953324,98.79533243,159,
B0005,10,3.557887852,32.19118047,1.830019077,0.982836848,98.2836848,158,
B0005,11,3.556347544,32.06812818,1.830001571,0.982827446,98.28274463,157,
B0005,12,3.560471978,32.34766009,1.828990962,0.982284685,98.22846849,156,
B0005,13,3.560356688,32.28360689,1.819097595,0.976971317,97.69713167,155,
B0005,14,3.566431186,32.01589605,1.818805531,0.976814459,97.68144594,154,
B0005,15,3.56563495,32.00004598,1.817299293,0.976005513,97.60055135,153,
B0005,16,3.559994137,31.93459208,1.796895091,0.965047157,96.50471571,152,
B0005,17,3.558613342,31.95811723,1.817333101,0.976023671,97.60236707,151,
B0005,18,3.559118904,31.96500865,1.808416084,0.971234665,97.12346647,150,
B0005,19,3.564278369,31.87500939,1.808138168,0.971085406,97.10854061,149,
B0005,20,3.563243576,32.24684641,1.852376797,0.994844368,99.48443683,148,
B0005,21,3.559804802,32.62250011,1.862149613,1.000092993,100,147,
B0005,22,3.561487669,32.26410763,1.841547557,0.989028376,98.90283763,146,
B0005,23,3.564026339,31.94849105,1.840515964,0.988474345,98.84743454,145,
B0005,24,3.559694165,31.85540777,1.819973236,0.977441592,97.74415916,144,
B0005,25,3.557595502,31.79193254,1.840332339,0.988375727,98.83757273,143,
B0005,26,3.565914193,31.65359519,1.828725597,0.982142167,98.21421672,142,
B0005,27,3.562842776,31.56095539,1.820124478,0.977522818,97.75228182,141,
B0005,28,3.556833231,31.5655865,1.819330167,0.977096222,97.70962224,140,
B0005,29,3.568290947,31.50585068,1.808117474,0.971074292,97.10742916,139,
B0005,30,3.566946127,31.50067989,1.809389854,0.971757641,97.17576412,138,
B0005,31,3.555577852,31.9375352,1.859972232,0.998923601,99.89236009,137,
B0005,32,3.56624961,32.018959,1.833606941,0.98476376,98.47637595,136,
B0005,33,3.565151716,31.80299265,1.822825781,0.97897359,97.89735898,135,
B0005,34,3.564659069,31.39007083,1.812174814,0.973253342,97.32533417,134,
B0005,35,3.563826424,31.32256717,1.80752671,0.970757014,97.07570142,133,
B0005,36,3.557943411,31.92433445,1.807520342,0.970753594,97.07535941,132,
B0005,37,3.560662529,31.61184504,1.785686904,0.959027647,95.90276467,131,
B0005,38,3.558624379,31.4469868,1.791061005,0.961913881,96.19138813,130,
B0005,39,3.558098767,31.27596798,1.781193151,0.956614215,95.66142148,129,
B0005,40,3.555129331,31.52557286,1.775965654,0.953806716,95.38067161,128,
B0005,41,3.562407505,32.01143948,1.770784907,0.951024325,95.10243249,127,
B0005,42,3.555763764,32.25414816,1.759556355,0.944993877,94.49938769,126,
B0005,43,3.56081173,31.80684129,1.772959448,0.952192192,95.21921916,125,
B0005,44,3.557100057,31.69204479,1.765608591,0.948244313,94.82443129,124,
B0005,45,3.54916717,31.4421047,1.75985743,0.945155573,94.5155573,123,
B0005,46,3.552645245,31.29942787,1.744776071,0.937055923,93.70559227,122,
B0005,47,3.551906327,31.3054451,1.738996153,0.933951738,93.39517382,121,
B0005,48,3.564861551,34.24255324,1.79653069,0.96485145,96.48514505,120,
B0005,49,3.562942517,33.42451918,1.786078116,0.959237752,95.92377523,119,
B0005,50,3.558978564,32.65292546,1.770280153,0.95075324,95.07532395,118,
B0005,51,3.558450567,32.20140726,1.759959835,0.945210571,94.52105715,117,
B0005,52,3.552628429,31.97218979,1.744080389,0.936682297,93.66822971,116,
B0005,53,3.548858076,32.06789612,1.74462563,0.936975126,93.69751261,115,
B0005,54,3.549672607,32.41186556,1.74458746,0.936954626,93.69546262,114,
B0005,55,3.550412136,32.07523535,1.734542329,0.931559751,93.1559751,113,
B0005,56,3.549476639,31.98995106,1.718700935,0.923051913,92.30519132,112,
B0005,57,3.550633378,31.85035063,1.713442591,0.920227847,92.02278473,111,
B0005,58,3.544294911,32.17350639,1.708977153,0.917829623,91.78296225,110,
B0005,59,3.543904921,32.54849276,1.697587213,0.911712499,91.17124988,109,
B0005,60,3.539954665,32.3663968,1.691842475,0.908627209,90.86272086,108,
B0005,61,3.54404265,32.22136771,1.687799886,0.906456081,90.64560809,107,
B0005,62,3.541642662,32.09430003,1.677458771,0.900902243,90.09022433,106,
B0005,63,3.538897682,32.28920157,1.671866934,0.89789907,89.78990704,105,
B0005,64,3.542215797,32.17624463,1.671954341,0.897946014,89.79460137,104,
B0005,65,3.539248284,32.53678379,1.667179559,0.895381651,89.53816513,103,
B0005,66,3.535247083,32.41500251,1.656827637,0.889822009,88.98220094,102,
B0005,67,3.537989494,32.25788724,1.645627833,0.883807001,88.38070014,101,
B0005,68,3.530709629,32.34452189,1.646079338,0.884049488,88.40494881,100,
B0005,69,3.528938688,32.42278452,1.630000247,0.875413992,87.54139921,99,
B0005,70,3.532374724,32.40850197,1.630708909,0.875794588,87.57945883,98,
B0005,71,3.529959034,32.38433757,1.625052067,0.872756504,87.27565039,97,
B0005,72,3.52898981,32.41631606,1.614290135,0.866976661,86.69766608,96,
B0005,73,3.527988003,32.37859071,1.609489879,0.864398617,86.43986174,95,
B0005,74,3.524123492,32.4216765,1.609774994,0.864551742,86.45517422,94,
B0005,75,3.525669093,32.36449739,1.593363083,0.8557375,85.57375001,93,
B0005,76,3.523723637,32.34308994,1.588763744,0.853267362,85.3267362,92,
B0005,77,3.51991699,32.22329344,1.587878891,0.85279214,85.27921399,91,
B0005,78,3.527398722,32.74877673,1.598442718,0.858465588,85.84655879,90,
B0005,79,3.51667999,32.29996341,1.572059034,0.844295868,84.42958684,89,
B0005,80,3.515461908,31.98942006,1.567871418,0.842046852,84.2046852,88,
B0005,81,3.515868435,32.10261257,1.568030227,0.842132143,84.21321427,87,
B0005,82,3.515252201,32.60943761,1.562508995,0.839166889,83.9166889,86,
B0005,83,3.512970379,32.87487085,1.552040932,0.833544873,83.35448726,85,
B0005,84,3.513549937,32.72228574,1.55187239,0.833454354,83.34543544,84,
B0005,85,3.514176263,32.41864084,1.546432902,0.830533003,83.05330026,83,
B0005,86,3.510924066,32.26726773,1.53089202,0.822186559,82.21865593,82,
B0005,87,3.510490706,32.54976583,1.531541915,0.822535594,82.2535594,81,
B0005,88,3.51396095,32.86772312,1.525672854,0.819383534,81.93835343,80,
B0005,89,3.511665067,32.95356237,1.52576173,0.819431267,81.94312666,79,
B0005,90,3.524360573,32.74405577,1.608829112,0.864043743,86.40437431,78,
B0005,91,3.518458008,33.24446965,1.566852501,0.841499628,84.14996284,77,
B0005,92,3.515974211,33.26247319,1.551090509,0.833034434,83.30344343,76,
B0005,93,3.518496072,33.03643936,1.535406471,0.824611107,82.46111068,75,
B0005,94,3.51123429,32.87155281,1.535212259,0.824506802,82.45068025,74,
B0005,95,3.50931105,32.89257892,1.519987688,0.816330238,81.63302379,73,
B0005,96,3.511603947,32.80043973,1.514954137,0.8136269,81.36269003,72,
B0005,97,3.507014738,32.94959586,1.50959458,0.810748477,81.07484767,71,
B0005,98,3.504591121,32.96026949,1.509857481,0.810889671,81.08896713,70,
B0005,99,3.507181971,32.97614022,1.499146951,0.805137434,80.51374343,69,
B0005,100,3.506281534,33.07671102,1.488922001,0.799645985,79.96459846,68,
B0005,101,3.504895348,32.96964994,1.483434353,0.796698768,79.66987682,67,
B0005,102,3.506000018,32.96457449,1.47822877,0.793903038,79.39030384,66,
B0005,103,3.497770927,33.11183404,1.494192693,0.802476682,80.24766821,65,
B0005,104,3.508967079,33.68551572,1.499125945,0.805126153,80.51261527,64,
B0005,105,3.501609301,33.57608416,1.489123862,0.799754397,79.97543968,63,
B0005,106,3.50467684,33.43261492,1.472749638,0.790960395,79.09603951,62,
B0005,107,3.498222555,33.182673,1.456945885,0.782472773,78.24727731,61,
B0005,108,3.498567982,33.26986447,1.45720245,0.782610565,78.26105648,60,
B0005,109,3.494393369,33.54810808,1.463326758,0.785899708,78.5899708,59,
B0005,110,3.49888421,33.69551299,1.452094042,0.779867024,77.98670238,58,
B0005,111,3.500098444,33.36594189,1.441677863,0.774272872,77.42728724,57,
B0005,112,3.494655609,33.35109524,1.436499201,0.771491601,77.14916005,56,
B0005,113,3.49352371,33.57647358,1.43644221,0.771460993,77.1460993,55,
B0005,114,3.495851673,33.80191038,1.431079763,0.768581017,76.85810173,54,
B0005,115,3.496777862,33.65385947,1.425953493,0.765827884,76.58278836,53,
B0005,116,3.493160299,33.46804682,1.420454769,0.762874718,76.28747183,52,
B0005,117,3.490796421,33.32072329,1.415480349,0.760203138,76.02031382,51,
B0005,118,3.485532798,33.67203917,1.415642103,0.76029001,76.02900103,50,
B0005,119,3.492071571,33.95602226,1.410688492,0.757629606,75.76296056,49,
B0005,120,3.492241157,33.76604255,1.4364796,0.771481074,77.14810737,48,
B0005,121,3.496386553,34.01536501,1.441304769,0.774072497,77.40724967,47,
B0005,122,3.495158816,33.62657444,1.420410627,0.762851012,76.28510116,46,
B0005,123,3.491165635,33.2981117,1.41526724,0.760088685,76.00886847,45,
B0005,124,3.487164214,33.31180626,1.409481542,0.756981396,75.69813963,44,
B0005,125,3.489817472,33.18983229,1.399754515,0.751757363,75.17573633,43,
B0005,126,3.481945511,33.32302705,1.388654828,0.745796124,74.57961242,42,
B0005,127,3.484726755,33.25767354,1.389242802,0.746111903,74.61119034,41,
B0005,128,3.48523953,33.05966538,1.383485558,0.743019896,74.30198964,40,
B0005,129,3.48223481,33.07817019,1.372644521,0.737197569,73.71975687,39,
B0005,130,3.482309128,33.08146255,1.373565777,0.737692342,73.76923423,38,
B0005,131,3.478200842,33.21041393,1.373562129,0.737690383,73.76903829,37,
B0005,132,3.478511935,33.06310637,1.373035815,0.737407719,73.74077189,36,
B0005,133,3.481967528,33.5842471,1.378431982,0.740305804,74.03058045,35,
B0005,134,3.491147725,33.69028889,1.389130063,0.746051355,74.60513555,34,
B0005,135,3.481709257,33.64163206,1.367207087,0.734277321,73.42773206,33,
B0005,136,3.479712715,33.46716683,1.373037881,0.737408828,73.74088281,32,
B0005,137,3.481823831,33.07215759,1.357393933,0.729007032,72.90070315,31,
B0005,138,3.479930482,33.61015788,1.362939986,0.731985615,73.19856152,30,
B0005,139,3.475625636,33.79459259,1.357759712,0.729203478,72.92034782,29,
B0005,140,3.47948578,33.39631856,1.352358362,0.726302609,72.63026092,28,
B0005,141,3.472670523,33.17110128,1.347261752,0.723565405,72.35654046,27,
B0005,142,3.472116748,33.1911861,1.342067432,0.720775724,72.0775724,26,
B0005,143,3.473793696,33.44948458,1.341936361,0.72070533,72.07053303,25,
B0005,144,3.47521711,33.4512173,1.337058508,0.718085613,71.80856127,24,
B0005,145,3.470126187,33.1936281,1.336920901,0.718011709,71.80117085,23,
B0005,146,3.468742148,33.02361842,1.331483618,0.715091541,71.50915415,22,
B0005,147,3.468383178,33.06774736,1.321270025,0.709606191,70.9606191,21,
B0005,148,3.473454829,33.32655479,1.321592694,0.709779485,70.97794848,20,
B0005,149,3.469542767,33.26936783,1.321362505,0.709655859,70.96558589,19,
B0005,150,3.467703936,32.88194688,1.326941823,0.712652308,71.26523083,18,
B0005,151,3.471682867,33.32386124,1.357524928,0.729077384,72.90773844,17,
B0005,152,3.475544932,33.32135628,1.3479098,0.723913448,72.39134478,16,
B0005,153,3.477788463,33.05358109,1.332130667,0.715439048,71.5439048,15,
B0005,154,3.472693964,33.13005205,1.326760051,0.712554685,71.25546848,14,
B0005,155,3.466847865,33.18128407,1.316038488,0.706796522,70.67965224,13,
B0005,156,3.473256756,33.08474545,1.316545281,0.707068703,70.70687025,12,
B0005,157,3.462827533,33.05123455,1.310634044,0.703893992,70.38939917,11,
B0005,158,3.468641053,32.97080056,1.316190048,0.70687792,70.68779199,10,
B0005,159,3.46963549,33.05693955,1.306151254,0.701486448,70.14864477,9,
B0005,160,3.465556935,33.13320803,1.311685855,0.704458881,70.44588814,8,
B0005,161,3.46568176,33.1305487,1.306488081,0.701667345,70.16673452,7,
B0005,162,3.466056075,33.18478183,1.306244764,0.701536669,70.15366688,6,
B0005,163,3.462553489,33.23769858,1.301246829,0.698852459,69.88524591,5,
B0005,164,3.466130629,33.21770695,1.296601206,0.696357464,69.63574636,4,
B0005,165,3.469357,33.15502657,1.291134962,0.693421742,69.34217423,3,
B0005,166,3.460683968,33.28799329,1.29577006,0.695911085,69.5911085,2,
B0005,167,3.470439699,33.5879998,1.312107988,0.704685593,70.46855935,1,
B0005,168,3.475718827,33.64458842,1.328199597,0.713327813,71.33278129,0,
B0006,1,3.553768118,32.18290901,2.061365253,1,100,154,
B0006,2,3.561475801,32.29307516,2.041871267,0.990543167,99.05431675,153,
B0006,3,3.56675247,32.24414709,2.030017104,0.984792531,98.47925307,152,
B0006,4,3.565635923,32.18597096,2.027951805,0.983790622,98.37906224,151,
B0006,5,3.563970503,32.06687277,2.017221851,0.978585356,97.85853565,150,
B0006,6,3.573551239,32.03447836,2.030566345,0.985058976,98.50589757,149,
B0006,7,3.571139134,32.11157497,2.029737049,0.984656672,98.46566715,148,
B0006,8,3.568150746,32.11257624,1.985418705,0.963157161,96.31571611,147,
B0006,9,3.569283416,32.03566207,1.973423881,0.957338287,95.73382873,146,
B0006,10,3.56014332,32.03485778,1.983106643,0.962035544,96.20355443,145,
B0006,11,3.56665872,31.87412757,1.962128533,0.95185874,95.18587403,144,
B0006,12,3.568703597,32.12095971,1.940024712,0.941135837,94.11358365,143,
B0006,13,3.569207084,32.11021169,1.928553078,0.93557077,93.55707702,142,
B0006,14,3.56592713,31.98906128,1.928418571,0.935505519,93.5505519,141,
B0006,15,3.561241727,31.87881445,1.91758998,0.930252403,93.02524028,140,
B0006,16,3.557881988,31.76745071,1.905738234,0.924502939,92.45029387,139,
B0006,17,3.559446471,31.8308101,1.904069268,0.923693297,92.36932974,138,
B0006,18,3.555786604,31.86998694,1.893383284,0.918509362,91.85093625,137,
B0006,19,3.558090617,31.89044947,1.872874738,0.908560351,90.85603513,136,
B0006,20,3.562713401,31.54839877,2.005540992,0.972918792,97.29187923,135,
B0006,21,3.570814209,31.8744885,1.974229008,0.957728867,95.77288668,134,
B0006,22,3.566681783,31.53911454,1.96237675,0.951979154,95.19791542,133,
B0006,23,3.563560553,31.25848268,1.950235042,0.946089025,94.60890246,132,
B0006,24,3.571051969,31.11900515,1.951243591,0.946578287,94.65782873,131,
B0006,25,3.566630847,31.03324408,1.906688168,0.924963766,92.49637663,130,
B0006,26,3.552739224,31.00124922,1.89516675,0.919374549,91.93745492,129,
B0006,27,3.556095976,30.92143474,1.884794847,0.914342979,91.43429793,128,
B0006,28,3.554407333,30.89450875,1.87242999,0.908344597,90.83445968,127,
B0006,29,3.545697893,31.01490405,1.859876118,0.902254521,90.22545207,126,
B0006,30,3.558317056,30.93172713,1.873707578,0.908964375,90.89643747,125,
B0006,31,3.55585747,31.10097217,1.933112381,0.937782559,93.77825587,124,
B0006,32,3.555475055,31.29096966,1.890472779,0.917097432,91.70974315,123,
B0006,33,3.545265,31.13133999,1.86882945,0.90659792,90.65979196,122,
B0006,34,3.539807603,30.813031,1.852767668,0.898806102,89.88061022,121,
B0006,35,3.534523424,30.71251171,1.832035441,0.88874858,88.87485796,120,
B0006,36,3.531488974,31.28669116,1.827045638,0.88632795,88.63279497,119,
B0006,37,3.526183725,31.04843976,1.810647152,0.878372792,87.83727915,118,
B0006,38,3.520537149,30.95010034,1.794555789,0.870566624,87.0566624,117,
B0006,39,3.518316882,30.79230693,1.784616545,0.865744944,86.57449438,116,
B0006,40,3.513094478,31.08796096,1.779116508,0.863076791,86.3076791,115,
B0006,41,3.515210473,31.67860578,1.763713883,0.855604741,85.56047407,114,
B0006,42,3.509578354,31.87558178,1.752882024,0.850350039,85.03500392,113,
B0006,43,3.512982418,31.51183475,1.77098667,0.859132882,85.91328815,112,
B0006,44,3.516885051,31.40763956,1.784694469,0.865782746,86.57827457,111,
B0006,45,3.507803935,31.12627528,1.747208238,0.847597598,84.75975982,110,
B0006,46,3.502115479,31.13909867,1.726724421,0.837660584,83.76605835,109,
B0006,47,3.5016306,31.13925949,1.715803435,0.832362645,83.23626452,108,
B0006,48,3.538924168,33.61545444,1.842432858,0.893792527,89.37925266,107,
B0006,49,3.530900103,32.87677521,1.826958409,0.886285634,88.62856336,106,
B0006,50,3.52381289,32.17789476,1.789294237,0.868014164,86.8014164,105,
B0006,51,3.511309515,31.93534579,1.758098081,0.852880429,85.28804289,104,
B0006,52,3.511353868,31.68089949,1.742635991,0.845379531,84.5379531,103,
B0006,53,3.503572002,31.84264405,1.721531402,0.83514137,83.514137,102,
B0006,54,3.498007244,32.229255,1.710978567,0.830022028,83.00220277,101,
B0006,55,3.495582992,32.02470119,1.695553901,0.822539285,82.2539285,100,
B0006,56,3.491112012,31.98288094,1.684925831,0.817383445,81.73834447,99,
B0006,57,3.485124541,31.93461815,1.674249302,0.812204096,81.22040959,98,
B0006,58,3.475526715,32.26081415,1.664692526,0.807567957,80.75679571,97,
B0006,59,3.476691838,32.58457048,1.658843814,0.804730657,80.47306566,96,
B0006,60,3.473631103,32.4670826,1.642661941,0.796880581,79.68805814,95,
B0006,61,3.474532775,32.38694553,1.622401433,0.787051897,78.7051897,94,
B0006,62,3.463228283,32.25764874,1.622292784,0.78699919,78.69991896,93,
B0006,63,3.464331625,32.58257536,1.612509043,0.782252947,78.22529465,92,
B0006,64,3.458288052,32.27035174,1.601150964,0.776742967,77.67429674,91,
B0006,65,3.462747135,32.46331545,1.596441279,0.774458227,77.44582272,90,
B0006,66,3.453835515,32.39374101,1.580673858,0.766809208,76.68092083,89,
B0006,67,3.452120826,32.28180412,1.574883935,0.764000428,76.40004277,88,
B0006,68,3.450781146,32.35440527,1.564752404,0.759085466,75.9085466,87,
B0006,69,3.446679869,32.41679116,1.559587051,0.756579674,75.6579674,86,
B0006,70,3.442010335,32.5037067,1.544186093,0.749108432,74.91084323,85,
B0006,71,3.445720936,32.46835745,1.543776865,0.74890991,74.89099097,84,
B0006,72,3.441043014,32.50228117,1.538281019,0.74624379,74.62437902,83,
B0006,73,3.441324378,32.57081419,1.528133035,0.741320847,74.13208467,82,
B0006,74,3.438537965,32.56931102,1.522935052,0.738799225,73.87992251,81,
B0006,75,3.43761077,32.54388051,1.517582177,0.736202463,73.62024633,80,
B0006,76,3.438748625,32.48961189,1.507062153,0.731099038,73.1099038,79,
B0006,77,3.43037198,32.62385839,1.506432903,0.730793779,73.07937787,78,
B0006,78,3.442174806,33.14275543,1.549012493,0.751449793,75.14497933,77,
B0006,79,3.439398204,32.5875694,1.517673526,0.736246778,73.6246778,76,
B0006,80,3.42753008,32.50191771,1.507546419,0.731333962,73.13339624,75,
B0006,81,3.431567914,32.620826,1.49181568,0.723702739,72.3702739,74,
B0006,82,3.431328558,33.14181535,1.492107726,0.723844415,72.38444149,73,
B0006,83,3.431729175,33.36176275,1.486884555,0.721310574,72.13105743,72,
B0006,84,3.426845926,33.29660463,1.481130951,0.718519413,71.85194128,71,
B0006,85,3.423736427,33.0408392,1.470522943,0.713373305,71.3373305,70,
B0006,86,3.421135368,32.87413726,1.465530418,0.710951354,71.09513543,69,
B0006,87,3.424354987,33.18553058,1.46079872,0.708655935,70.86559348,68,
B0006,88,3.422885745,33.50589342,1.460581234,0.708550429,70.85504288,67,
B0006,89,3.424440786,33.57031195,1.455223424,0.705951273,70.59512729,66,
B0006,90,3.451319315,33.18742711,1.607145646,0.77965108,77.96510798,65,
B0006,91,3.448658661,33.35146625,1.559846874,0.756705718,75.6705718,64,
B0006,92,3.43803249,33.3881921,1.533486485,0.743917888,74.3917888,63,
B0006,93,3.435811389,33.2343706,1.512513644,0.73374364,73.37436401,62,
B0006,94,3.429840821,33.15386395,1.501926602,0.728607703,72.86077029,61,
B0006,95,3.426692285,33.07771293,1.486642684,0.721193239,72.1193239,60,
B0006,96,3.428765099,33.13214354,1.476389483,0.716219253,71.62192535,59,
B0006,97,3.424601181,33.20634562,1.470691071,0.713454866,71.34548661,58,
B0006,98,3.422522044,33.23554631,1.460513474,0.708517557,70.85175574,57,
B0006,99,3.422662684,33.26543793,1.454993758,0.705839858,70.58398582,56,
B0006,100,3.420528863,33.30967684,1.450059927,0.703446381,70.34463811,55,
B0006,101,3.414892968,33.43309816,1.450080162,0.703456197,70.34561974,54,
B0006,102,3.416257492,33.40443143,1.439303454,0.69822825,69.82282502,53,
B0006,103,3.416752363,33.69833107,1.439550122,0.698347913,69.8347913,52,
B0006,104,3.428786417,33.99067029,1.465835881,0.711099539,71.10995388,51,
B0006,105,3.425353152,33.9641665,1.445187264,0.701082577,70.10825771,50,
B0006,106,3.416829385,33.85006217,1.433894396,0.695604233,69.56042333,49,
B0006,107,3.417327413,33.64690601,1.423373046,0.690500164,69.05001645,48,
B0006,108,3.417333221,33.73047991,1.418563955,0.6881672,68.81672002,47,
B0006,109,3.419503402,33.98566671,1.408868901,0.683463981,68.34639806,46,
B0006,110,3.419664693,34.14150793,1.408174209,0.683126975,68.31269745,45,
B0006,111,3.411185892,33.95102576,1.408199277,0.683139136,68.31391356,44,
B0006,112,3.412406457,33.82849355,1.397531337,0.677963954,67.79639538,43,
B0006,113,3.408774558,34.10084957,1.397826075,0.678106936,67.81069358,42,
B0006,114,3.411543263,34.36752577,1.392291351,0.675421956,67.54219559,41,
B0006,115,3.413171024,34.18483237,1.387368744,0.673033923,67.30339234,40,
B0006,116,3.405525737,34.01169224,1.387079061,0.672893394,67.28933936,39,
B0006,117,3.406174988,33.89137768,1.382231846,0.670541935,67.05419351,38,
B0006,118,3.413828269,34.07833128,1.371794244,0.665478494,66.54784941,37,
B0006,119,3.407654437,34.48659436,1.377451172,0.668222757,66.82227569,36,
B0006,120,3.414573795,34.20048728,1.39782276,0.678105327,67.81053274,35,
B0006,121,3.424095258,34.33848898,1.418709187,0.688237655,68.82376546,34,
B0006,122,3.413286815,34.1409163,1.39760124,0.677997865,67.79978646,33,
B0006,123,3.41357387,33.81222748,1.381899308,0.670380616,67.03806159,32,
B0006,124,3.408041503,33.82526957,1.376184747,0.667608394,66.76083944,31,
B0006,125,3.410880873,33.79931094,1.366190349,0.662759958,66.27599584,30,
B0006,126,3.4043482,33.79777024,1.361048344,0.660265493,66.02654927,29,
B0006,127,3.409456485,33.72020362,1.355821574,0.657729906,65.77299059,28,
B0006,128,3.406896198,33.63334415,1.350116875,0.654962469,65.49624687,27,
B0006,129,3.410191324,33.58795819,1.33954852,0.649835597,64.98355972,26,
B0006,130,3.402880435,33.63370824,1.340399034,0.650248195,65.02481946,25,
B0006,131,3.404123312,33.61684276,1.340083717,0.650095229,65.00952292,24,
B0006,132,3.405172031,33.629076,1.329233265,0.644831508,64.48315082,23,
B0006,133,3.406516182,33.93776983,1.334591404,0.647430824,64.74308239,22,
B0006,134,3.413599124,33.83966963,1.3663531,0.662838911,66.28389111,21,
B0006,135,3.41623425,33.51916214,1.339623913,0.649872171,64.98721712,20,
B0006,136,3.404098551,33.41705599,1.334187438,0.647234854,64.72348538,19,
B0006,137,3.408205671,33.1476396,1.318858249,0.639798428,63.97984282,18,
B0006,138,3.406057945,33.54087434,1.319282182,0.640004085,64.00040848,17,
B0006,139,3.409404562,33.74281752,1.319139477,0.639934856,63.99348561,16,
B0006,140,3.405513487,33.52580236,1.308498671,0.634772838,63.47728377,15,
B0006,141,3.401947771,33.26911,1.303544333,0.632369412,63.2369412,14,
B0006,142,3.409607032,33.09416441,1.292904789,0.627208005,62.72080053,13,
B0006,143,3.405933711,33.40147794,1.292942163,0.627226136,62.72261364,12,
B0006,144,3.405974847,33.43554948,1.293029418,0.627268465,62.7268465,11,
B0006,145,3.406795417,33.18158971,1.277381791,0.61967756,61.96775601,10,
B0006,146,3.405267181,32.91514654,1.271778475,0.616959306,61.69593057,9,
B0006,147,3.401429589,32.94901047,1.277470146,0.619720423,61.97204229,8,
B0006,148,3.405019361,33.26649302,1.272155295,0.617142107,61.71421066,7,
B0006,149,3.406612589,33.18584337,1.261842186,0.612139059,61.21390589,6,
B0006,150,3.410043836,33.07152919,1.267143531,0.614710823,61.47108231,5,
B0006,151,3.418313742,33.76462083,1.303555585,0.63237487,63.23748703,4,
B0006,152,3.413964899,33.78535655,1.277265008,0.619620907,61.96209069,3,
B0006,153,3.41059427,33.65313914,1.266943411,0.614613742,61.46137416,2,
B0006,154,3.411730628,33.5635807,1.251058124,0.606907545,60.69075446,1,
B0006,155,3.406077145,33.54492071,1.245989498,0.604448676,60.44486761,0,
B0007,1,3.525304792,32.5857934,1.918658381,1,100,167,
B0007,2,3.534092658,32.71816014,1.908262087,0.994581477,99.45814774,166,
B0007,3,3.534402522,32.68511457,1.908267522,0.99458431,99.45843099,165,
B0007,4,3.534925049,32.5547485,1.908442863,0.994675697,99.46756974,164,
B0007,5,3.537378816,32.43450476,1.906965045,0.993905462,99.39054622,163,
B0007,6,3.541162667,32.48624734,1.897244377,0.988839074,98.88390744,162,
B0007,7,3.543550807,32.53061115,1.896407627,0.988402962,98.84029622,161,
B0007,8,3.549458118,32.45374436,1.897931424,0.989197162,98.91971617,160,
B0007,9,3.549674383,32.38295917,1.897011977,0.988717948,98.87179478,159,
B0007,10,3.544691932,32.34828329,1.897622402,0.9890361,98.90361001,158,
B0007,11,3.548427215,32.18331948,1.897480513,0.988962148,98.89621476,157,
B0007,12,3.55604336,32.37885318,1.887123268,0.983563977,98.35639775,156,
B0007,13,3.557033254,32.33423984,1.886581039,0.983281369,98.32813688,155,
B0007,14,3.556287254,32.14782797,1.886367412,0.983170027,98.3170027,154,
B0007,15,3.564774622,32.01380948,1.875679225,0.977599371,97.75993706,153,
B0007,16,3.561976369,31.92471525,1.884377084,0.982132673,98.21326732,152,
B0007,17,3.565961679,31.8543043,1.875198189,0.977348655,97.73486554,151,
B0007,18,3.569037881,31.90004104,1.864797705,0.971927949,97.1927949,150,
B0007,19,3.569949202,31.86718261,1.864705016,0.97187964,97.187964,149,
B0007,20,3.546433845,32.35216872,1.908393902,0.994650179,99.46501792,148,
B0007,21,3.557037561,32.56294245,1.909017489,0.994975191,99.4975191,147,
B0007,22,3.560064167,32.20117325,1.897436265,0.988939086,98.89390858,146,
B0007,23,3.556133926,31.84818312,1.907780768,0.994330615,99.4330615,145,
B0007,24,3.552385162,31.73700198,1.897632389,0.989041305,98.90413049,144,
B0007,25,3.57076703,31.51707668,1.887070758,0.983536609,98.35366094,143,
B0007,26,3.565722485,31.44286078,1.887055198,0.983528499,98.35284993,142,
B0007,27,3.567846656,31.36610151,1.876407045,0.977978709,97.79787086,141,
B0007,28,3.567971627,31.28571571,1.875528905,0.977521024,97.75210241,140,
B0007,29,3.564631404,31.33185087,1.875689395,0.977604671,97.7604671,139,
B0007,30,3.568983889,31.32285734,1.865553086,0.972321652,97.23216517,138,
B0007,31,3.564620689,31.60843645,1.902277019,0.991462075,99.1462075,137,
B0007,32,3.565947327,31.82522679,1.87617079,0.977855573,97.78555726,136,
B0007,33,3.568742147,31.51504199,1.871164436,0.975246274,97.52462736,135,
B0007,34,3.564242407,31.13866351,1.865959169,0.972533301,97.25333011,134,
B0007,35,3.56352843,31.09033034,1.861118762,0.970010493,97.00104933,133,
B0007,36,3.563657948,31.6401902,1.861357014,0.970134669,97.01346694,132,
B0007,37,3.560441253,31.35343841,1.850669131,0.964564171,96.45641714,131,
B0007,38,3.562687054,31.15467034,1.845295954,0.961763685,96.17636849,130,
B0007,39,3.559808296,30.99536769,1.840658852,0.959346839,95.93468385,129,
B0007,40,3.561251721,31.22168995,1.835529035,0.956673191,95.66731909,128,
B0007,41,3.561145296,31.74476152,1.830567192,0.954087091,95.40870906,127,
B0007,42,3.561634523,31.92325997,1.830174013,0.953882166,95.38821665,126,
B0007,43,3.560447071,31.581172,1.829432027,0.953495445,95.34954451,125,
B0007,44,3.560490228,31.24662583,1.82509849,0.951236816,95.12368162,124,
B0007,45,3.55670021,30.93939936,1.814629112,0.945780203,94.57802028,123,
B0007,46,3.554709504,30.93024534,1.799087011,0.937679698,93.7679698,122,
B0007,47,3.556136821,30.92068232,1.799099676,0.937686299,93.76862989,121,
B0007,48,3.568999942,33.88057782,1.834078994,0.955917433,95.59174328,120,
B0007,49,3.571059291,33.03833932,1.834539157,0.956157269,95.6157269,119,
B0007,50,3.566692128,32.2732917,1.819136535,0.94812946,94.81294602,118,
B0007,51,3.563327431,31.93791978,1.809252781,0.942978072,94.29780723,117,
B0007,52,3.561134579,31.66653656,1.799117516,0.937695597,93.76955969,116,
B0007,53,3.558893422,31.75629644,1.79408306,0.935071651,93.5071651,115,
B0007,54,3.555013985,32.13387337,1.789027001,0.932436446,93.24364456,114,
B0007,55,3.554758119,31.86715861,1.778869395,0.927142326,92.71423263,113,
B0007,56,3.547186025,31.81736328,1.773787128,0.924493461,92.44934613,112,
B0007,57,3.544914381,31.74675385,1.773640325,0.924416948,92.44169483,111,
B0007,58,3.546992844,31.933628,1.763890204,0.919335209,91.93352092,110,
B0007,59,3.549630689,32.25382456,1.758395364,0.916471312,91.64713123,109,
B0007,60,3.540832548,32.12884295,1.752678792,0.913491849,91.34918493,108,
B0007,61,3.544422792,31.99865488,1.742718006,0.908300312,90.83003119,107,
B0007,62,3.537904413,31.83543126,1.73814229,0.90591546,90.59154601,106,
B0007,63,3.540677773,32.13788229,1.732758138,0.903109254,90.31092536,105,
B0007,64,3.538295421,32.0557282,1.7279128,0.900583875,90.05838754,104,
B0007,65,3.540635632,32.2912875,1.722862266,0.897951549,89.79515495,103,
B0007,66,3.538242101,32.1688728,1.712445186,0.892522193,89.25221931,102,
B0007,67,3.532985224,32.09949527,1.706500801,0.889423994,88.94239944,101,
B0007,68,3.532810896,32.09136054,1.7019707,0.887062917,88.70629169,100,
B0007,69,3.531781297,32.18201593,1.69677161,0.884353164,88.43531644,99,
B0007,70,3.529776982,32.234381,1.697242065,0.884598364,88.45983642,98,
B0007,71,3.526169905,32.23731933,1.691444548,0.881576713,88.15767127,97,
B0007,72,3.526573018,32.21746402,1.681073613,0.876171407,87.6171407,96,
B0007,73,3.524502255,32.23410177,1.676273848,0.873669781,87.36697814,95,
B0007,74,3.522854841,32.22834398,1.67140083,0.871129977,87.11299766,94,
B0007,75,3.525237386,32.13642921,1.666084963,0.86835936,86.83593595,93,
B0007,76,3.520624815,32.14794533,1.660585291,0.865492944,86.54929444,92,
B0007,77,3.518029643,32.01201117,1.665531247,0.868070764,86.80707643,91,
B0007,78,3.521222606,32.50667189,1.665291961,0.867946049,86.79460488,90,
B0007,79,3.51804896,31.93940852,1.650436289,0.86020331,86.02033098,89,
B0007,80,3.513177839,31.77490575,1.650640636,0.860309815,86.03098147,88,
B0007,81,3.514493812,31.9326848,1.64066919,0.855112721,85.51127214,87,
B0007,82,3.514449456,32.37112467,1.639961236,0.854743738,85.4743738,86,
B0007,83,3.517703727,32.5921237,1.63560334,0.852472413,85.24724132,85,
B0007,84,3.515840302,32.51801845,1.629717588,0.849404774,84.94047741,84,
B0007,85,3.509353189,32.28388171,1.630013952,0.849559238,84.95592381,83,
B0007,86,3.507630434,31.98473025,1.625322033,0.847113822,84.71138215,82,
B0007,87,3.509207943,32.36526113,1.615155024,0.841814802,84.18148015,81,
B0007,88,3.505874897,32.72073359,1.609067661,0.838642083,83.86420829,80,
B0007,89,3.50408368,32.75033948,1.609295736,0.838760955,83.87609549,79,
B0007,90,3.529543482,32.4804619,1.713054299,0.892839662,89.28396615,78,
B0007,91,3.521434742,32.89433338,1.650182016,0.860070783,86.00707832,77,
B0007,92,3.513611049,32.95005286,1.645096657,0.857420307,85.74203066,76,
B0007,93,3.513766889,32.74309556,1.629791179,0.849443129,84.94431294,75,
B0007,94,3.510769869,32.59734425,1.619086193,0.843863717,84.38637168,74,
B0007,95,3.509062172,32.49909562,1.614582762,0.84151654,84.15165399,73,
B0007,96,3.51417515,32.45256365,1.609523131,0.838879473,83.88794728,72,
B0007,97,3.506383654,32.60642128,1.60930205,0.838764246,83.87642461,71,
B0007,98,3.50908028,32.6010787,1.599406396,0.833606655,83.36066553,70,
B0007,99,3.509910121,32.54975369,1.594043996,0.830811786,83.08117862,69,
B0007,100,3.506521806,32.67473211,1.589233613,0.828304626,82.83046264,68,
B0007,101,3.500074247,32.72457677,1.589426874,0.828405354,82.84053536,67,
B0007,102,3.50191442,32.68083189,1.583936732,0.825543905,82.55439052,66,
B0007,103,3.504858596,32.64100867,1.589212392,0.828293566,82.82935657,65,
B0007,104,3.508526907,33.36493826,1.599164426,0.833480541,83.34805415,64,
B0007,105,3.505228031,33.21955072,1.589469707,0.828427678,82.84276777,63,
B0007,106,3.506930692,33.08876199,1.578595703,0.822760174,82.2760174,62,
B0007,107,3.500728253,32.85404564,1.574078685,0.820405915,82.04059151,61,
B0007,108,3.502277555,32.92642116,1.568105305,0.817292605,81.72926046,60,
B0007,109,3.49909547,33.22821092,1.569192218,0.817859101,81.78591008,59,
B0007,110,3.503358013,33.29142761,1.563419777,0.814850519,81.4850519,58,
B0007,111,3.498770978,33.07677899,1.558457683,0.812264288,81.22642875,57,
B0007,112,3.499119634,32.93771879,1.552974827,0.809406637,80.94066369,56,
B0007,113,3.501126825,33.14986408,1.553183078,0.809515177,80.95151765,55,
B0007,114,3.498504488,33.40272152,1.553252316,0.809551263,80.95512631,54,
B0007,115,3.492655946,33.38240285,1.548071808,0.806851195,80.68511951,53,
B0007,116,3.493775838,33.10537195,1.542853465,0.804131408,80.41314079,52,
B0007,117,3.494027941,32.91407792,1.537964704,0.801583398,80.15833978,51,
B0007,118,3.49192233,33.22305243,1.537788946,0.801491793,80.14917931,50,
B0007,119,3.496776348,33.53568932,1.538174652,0.801692822,80.16928222,49,
B0007,120,3.494174052,33.27121482,1.558143338,0.812100452,81.21004519,48,
B0007,121,3.501870341,33.39447417,1.557985946,0.812018419,81.20184194,47,
B0007,122,3.496077053,33.0647267,1.547891193,0.806757059,80.67570591,46,
B0007,123,3.490205071,32.84493033,1.542966838,0.804190498,80.41904975,45,
B0007,124,3.492625204,32.73055498,1.531926136,0.798436111,79.84361109,44,
B0007,125,3.491063586,32.72113786,1.527353914,0.79605308,79.60530802,43,
B0007,126,3.491278592,32.66935489,1.522033993,0.793280351,79.32803509,42,
B0007,127,3.48913418,32.64029246,1.522264961,0.79340073,79.34007305,41,
B0007,128,3.489939655,32.54691312,1.511302167,0.787686949,78.76869492,40,
B0007,129,3.483527816,32.54884968,1.511718525,0.787903954,78.79039545,39,
B0007,130,3.485280766,32.50822948,1.506746647,0.785312624,78.53126235,38,
B0007,131,3.485044021,32.59683133,1.501640227,0.78265117,78.26511703,37,
B0007,132,3.47712357,32.5921818,1.50633815,0.785099716,78.5099716,36,
B0007,133,3.483067213,32.84421278,1.506125527,0.784988897,78.49888973,35,
B0007,134,3.493281918,33.00403743,1.522253138,0.793394569,79.33945687,34,
B0007,135,3.49016483,32.80607303,1.506231955,0.785044368,78.50443676,33,
B0007,136,3.482875442,32.63332565,1.501320163,0.782484354,78.24843538,32,
B0007,137,3.475125176,32.50727254,1.496262213,0.779848162,77.98481625,31,
B0007,138,3.481810972,32.80531048,1.491109302,0.777162478,77.71624782,30,
B0007,139,3.475287987,33.10844042,1.485669971,0.774327512,77.43275124,29,
B0007,140,3.477752706,32.80940704,1.485981299,0.774489776,77.44897757,28,
B0007,141,3.47736894,32.49765773,1.48091031,0.771846789,77.18467889,27,
B0007,142,3.475639281,32.3993683,1.475587287,0.769072443,76.90724426,26,
B0007,143,3.476064711,32.67438521,1.475841411,0.769204891,76.92048913,25,
B0007,144,3.477669284,32.75101602,1.471027649,0.76669597,76.66959704,24,
B0007,145,3.470288166,32.5539305,1.471016349,0.766690081,76.66900808,23,
B0007,146,3.466034371,32.35166965,1.465574367,0.763853733,76.38537331,22,
B0007,147,3.470992496,32.1955606,1.460464759,0.761190618,76.11906184,21,
B0007,148,3.47062776,32.54943296,1.461040943,0.761490924,76.14909237,20,
B0007,149,3.470419714,32.55534031,1.460504197,0.761211173,76.12111732,19,
B0007,150,3.46568412,32.18791654,1.466060932,0.76410733,76.410733,18,
B0007,151,3.481429883,32.57562903,1.48611133,0.774557548,77.45575478,17,
B0007,152,3.473581788,32.63851786,1.476053772,0.769315573,76.93155734,16,
B0007,153,3.47856421,32.39922296,1.46607975,0.764117138,76.41171375,15,
B0007,154,3.477089555,32.34721755,1.460683732,0.761304746,76.13047463,14,
B0007,155,3.472693919,32.3401415,1.455821042,0.758770325,75.87703246,13,
B0007,156,3.463501112,32.41722178,1.456065941,0.758897965,75.8897965,12,
B0007,157,3.470543394,32.26246207,1.450467961,0.755980312,75.59803117,11,
B0007,158,3.473074478,32.23526477,1.444946306,0.753102439,75.3102439,10,
B0007,159,3.469394414,32.22449685,1.445525402,0.753404262,75.34042622,9,
B0007,160,3.468179515,32.35830989,1.440557392,0.750814948,75.08149479,8,
B0007,161,3.465511521,32.38254806,1.440860074,0.750972705,75.09727048,7,
B0007,162,3.469633235,32.40035442,1.435073285,0.747956645,74.79566446,6,
B0007,163,3.46280173,32.40145335,1.435272207,0.748060322,74.80603223,5,
B0007,164,3.463949191,32.3716433,1.430435418,0.7455394,74.55394001,4,
B0007,165,3.462018592,32.47632158,1.430539954,0.745593884,74.55938841,3,
B0007,166,3.459923226,32.5611053,1.424686593,0.742543127,74.25431268,2,
B0007,167,3.466184509,32.74836872,1.445974681,0.753638426,75.36384255,1,
B0007,168,3.480028397,32.85451969,1.456661261,0.759208244,75.92082445,0,
B0018,1,3.531980764,31.73224085,1.862860539,1,100,131,
B0018,2,3.536679572,31.90487267,1.851059163,0.993664917,99.36649167,130,
B0018,3,3.542580752,31.27203035,1.858511387,0.997665337,99.76653368,129,
B0018,4,3.543933266,30.75365134,1.844509917,0.990149224,99.01492238,128,
B0018,5,3.548889686,31.88620156,1.846599865,0.991271126,99.12711261,127,
B0018,6,3.549760024,31.97665931,1.847778156,0.991903643,99.19036434,126,
B0018,7,3.549473515,31.61270888,1.823831363,0.979048793,97.90487931,125,
B0018,8,3.550347288,31.22689708,1.823839922,0.979053388,97.90533878,124,
B0018,9,3.546770652,31.07200683,1.812528436,0.972981282,97.29812821,123,
B0018,10,3.545554818,31.10619405,1.831388191,0.983105365,98.31053655,122,
B0018,11,3.551053648,31.44815624,1.831686455,0.983265476,98.3265476,121,
B0018,12,3.553295139,31.21782768,1.807449812,0.970255032,97.0255032,120,
B0018,13,3.557833742,30.71878117,1.804806911,0.968836299,96.88362992,119,
B0018,14,3.546172829,30.47869305,1.797525119,0.964927369,96.49273691,118,
B0018,15,3.544147143,30.79654647,1.789434533,0.960584271,96.05842711,117,
B0018,16,3.549475499,31.35209587,1.78591108,0.95869285,95.86928501,116,
B0018,17,3.550143788,31.41498374,1.782818675,0.95703282,95.70328198,115,
B0018,18,3.552025316,30.95899214,1.756455709,0.942880947,94.28809467,114,
B0018,19,3.547567087,30.3941064,1.749034241,0.938897037,93.88970373,113,
B0018,20,3.539003724,30.14753969,1.75787227,0.943641369,94.36413693,112,
B0018,21,3.536715235,30.04230693,1.734394104,0.931038082,93.10380823,111,
B0018,22,3.53833147,30.07934386,1.723738713,0.925318174,92.53181739,110,
B0018,23,3.539060042,30.03498728,1.725851501,0.926452337,92.64523373,109,
B0018,24,3.529409712,30.10342757,1.710402699,0.918159284,91.81592838,108,
B0018,25,3.545384119,30.02489129,1.758498981,0.943977793,94.39777931,107,
B0018,26,3.536082146,30.91299643,1.753338991,0.941207865,94.12078652,106,
B0018,27,3.542638557,31.31013594,1.725133693,0.926067012,92.60670116,105,
B0018,28,3.540186186,31.27225991,1.726502435,0.926801765,92.68017646,104,
B0018,29,3.5384145,30.95239797,1.708316204,0.917039235,91.70392348,103,
B0018,30,3.537957165,30.8427191,1.703598438,0.914506697,91.45066967,102,
B0018,31,3.539505246,30.86069068,1.691455623,0.907988326,90.79883262,101,
B0018,32,3.533127935,31.23848448,1.686563122,0.905361988,90.53619882,100,
B0018,33,3.529674399,31.43598279,1.680361014,0.902032642,90.20326419,99,
B0018,34,3.53053054,31.1540613,1.666822936,0.894765282,89.47652823,98,
B0018,35,3.524871353,30.99767816,1.664247476,0.893382752,89.33827525,97,
B0018,36,3.522174455,30.78903657,1.660541898,0.891393566,89.13935657,96,
B0018,37,3.523490461,30.80600102,1.63749438,0.879021454,87.90214543,95,
B0018,38,3.516150619,31.15257373,1.643587756,0.882292432,88.22924323,94,
B0018,39,3.514856455,31.26300379,1.630194742,0.875102944,87.51029439,93,
B0018,40,3.525196781,30.59752459,1.697509721,0.91123822,91.12382195,92,
B0018,41,3.523339658,30.83989963,1.652366747,0.887005072,88.70050721,91,
B0018,42,3.520715241,30.62387176,1.653913091,0.887835163,88.78351633,90,
B0018,43,3.515533414,30.43735102,1.625992968,0.872847395,87.28473945,89,
B0018,44,3.516643836,30.17043138,1.626108837,0.872909594,87.29095939,88,
B0018,45,3.507609861,30.22478616,1.60504076,0.861600064,86.1600064,87,
B0018,46,3.536710524,30.43618863,1.747636411,0.93814667,93.81466696,86,
B0018,47,3.531619764,30.65435642,1.719633135,0.923114264,92.31142638,85,
B0018,48,3.539405475,30.44668774,1.6989011,0.911985124,91.19851243,84,
B0018,49,3.536147298,30.4015178,1.687446535,0.905836212,90.58362122,83,
B0018,50,3.523354253,30.45519155,1.675540403,0.899444895,89.94448955,82,
B0018,51,3.531838569,31.0946691,1.681359779,0.902568788,90.25687881,81,
B0018,52,3.532675506,30.94864947,1.662870259,0.89264345,89.26434501,80,
B0018,53,3.527192976,30.80114984,1.641069248,0.880940475,88.09404745,79,
B0018,54,3.515788515,30.71724221,1.621556397,0.870465804,87.04658037,78,
B0018,55,3.519282424,30.59622696,1.622029009,0.870719506,87.07195065,77,
B0018,56,3.525129415,30.64896989,1.683720356,0.903835966,90.38359662,76,
B0018,57,3.532183947,30.82008297,1.655661202,0.888773565,88.87735647,75,
B0018,58,3.522636831,30.85549511,1.622928596,0.871202412,87.12024123,74,
B0018,59,3.520711385,30.70926711,1.608520101,0.863467805,86.34678048,73,
B0018,60,3.516532924,30.61661964,1.60184657,0.859885395,85.98853947,72,
B0018,61,3.511747607,30.66862788,1.595330871,0.85638771,85.63877099,71,
B0018,62,3.511492086,30.81745354,1.586069327,0.851416031,85.14160311,70,
B0018,63,3.503540684,30.89633901,1.558849573,0.836804227,83.68042265,69,
B0018,64,3.504436375,30.82317521,1.56220937,0.838607796,83.86077956,68,
B0018,65,3.497549837,30.7600622,1.542046374,0.827784121,82.77841207,67,
B0018,66,3.504907843,30.59688786,1.5485013,0.831249182,83.1249182,66,
B0018,67,3.502733965,30.48658621,1.525454515,0.818877465,81.88774645,65,
B0018,68,3.491986867,30.6141366,1.52350535,0.817831136,81.78311356,64,
B0018,69,3.492107558,30.57558697,1.52363142,0.817898811,81.78988107,63,
B0018,70,3.484930873,30.57253961,1.50628541,0.80858732,80.85873196,62,
B0018,71,3.503508506,30.65606775,1.555855732,0.835197107,83.51971066,61,
B0018,72,3.494548059,31.12742904,1.527175998,0.819801571,81.98015715,60,
B0018,73,3.489080427,31.04568668,1.511189212,0.811219723,81.12197235,59,
B0018,74,3.485047885,31.08282089,1.502470116,0.806539236,80.65392361,58,
B0018,75,3.496476287,30.67296224,1.500561765,0.805514816,80.55148162,57,
B0018,76,3.482549008,30.92682608,1.503288177,0.806978378,80.69783784,56,
B0018,77,3.486438555,30.93007872,1.476920343,0.792823892,79.28238921,55,
B0018,78,3.486983917,31.07435983,1.490688105,0.800214548,80.02145484,54,
B0018,79,3.480817356,31.00328992,1.475491193,0.792056712,79.20567117,53,
B0018,80,3.475211519,30.87846899,1.470547096,0.789402676,78.94026764,52,
B0018,81,3.482381268,30.54636629,1.470319796,0.78928066,78.92806598,51,
B0018,82,3.478055268,30.73422884,1.458375561,0.782868889,78.2868889,50,
B0018,83,3.481486077,31.03918923,1.450022369,0.778384822,77.83848217,49,
B0018,84,3.475622549,31.20051094,1.438956766,0.772444708,77.24447085,48,
B0018,85,3.478455846,30.93262639,1.43564131,0.770664942,77.06649425,47,
B0018,86,3.482857809,30.90150772,1.492796303,0.801346248,80.13462476,46,
B0018,87,3.479968277,31.00766216,1.475633929,0.792133334,79.21333336,45,
B0018,88,3.475539838,30.85473436,1.453685094,0.780351005,78.03510048,44,
B0018,89,3.470361025,30.70008664,1.451502047,0.779179126,77.91791259,43,
B0018,90,3.464338352,30.49921415,1.431616536,0.768504408,76.85044082,42,
B0018,91,3.479464078,31.04723833,1.465534811,0.786712038,78.67120379,41,
B0018,92,3.470443915,31.18787731,1.451535389,0.779197024,77.91970244,40,
B0018,93,3.467770892,31.30692666,1.443019078,0.774625393,77.46253932,39,
B0018,94,3.462578531,31.44906396,1.426222266,0.765608716,76.56087163,38,
B0018,95,3.46496091,31.15668431,1.429064305,0.767134348,76.71343478,37,
B0018,96,3.465725125,31.25029411,1.426614262,0.765819143,76.5819143,36,
B0018,97,3.462645068,31.21549019,1.420259792,0.762408008,76.24080076,35,
B0018,98,3.463134237,31.26768565,1.40993013,0.756862954,75.68629539,34,
B0018,99,3.465283204,31.2801342,1.400571462,0.751839138,75.1839138,33,
B0018,100,3.45580652,31.27525888,1.402347973,0.752792785,75.27927847,32,
B0018,101,3.460257233,31.32848467,1.401333225,0.752248059,75.22480591,31,
B0018,102,3.450614947,31.32941106,1.38881833,0.745529953,74.55299527,30,
B0018,103,3.454635495,31.39576649,1.376910594,0.739137775,73.91377747,29,
B0018,104,3.462433012,31.31898921,1.379175116,0.74035339,74.03533904,28,
B0018,105,3.449937448,31.46322595,1.380501833,0.741065584,74.10655837,27,
B0018,106,3.479880406,30.24200731,1.471758206,0.790052811,79.0052811,26,
B0018,107,3.479264948,30.85410958,1.466588779,0.787277817,78.72778171,25,
B0018,108,3.48123857,31.1191645,1.454739802,0.780917182,78.09171816,24,
B0018,109,3.471272983,31.20140772,1.440425894,0.773233349,77.32333493,23,
B0018,110,3.47615743,30.74822952,1.431526832,0.768456254,76.8456254,22,
B0018,111,3.466511122,30.71009019,1.417757764,0.761064897,76.10648966,21,
B0018,112,3.470338645,30.8402925,1.410305918,0.75706468,75.70646798,20,
B0018,113,3.45581139,31.50368358,1.406402529,0.754969306,75.49693064,19,
B0018,114,3.462925924,31.82291019,1.414129752,0.759117348,75.91173478,18,
B0018,115,3.471538984,31.43141107,1.397593769,0.750240686,75.02406861,17,
B0018,116,3.45562991,31.18159961,1.399358376,0.751187943,75.11879425,16,
B0018,117,3.458198579,30.97661584,1.379859375,0.740720707,74.07207066,15,
B0018,118,3.456953952,30.63376329,1.388990077,0.745622148,74.56221483,14,
B0018,119,3.451123916,30.70776901,1.378093492,0.739772765,73.97727652,13,
B0018,120,3.452596125,30.32909187,1.365761545,0.733152867,73.3152867,12,
B0018,121,3.471248379,30.30396422,1.443745642,0.775015419,77.50154191,11,
B0018,122,3.471757694,30.65978199,1.423302986,0.764041621,76.40416208,10,
B0018,123,3.462802066,30.94971168,1.417977654,0.761182935,76.11829355,9,
B0018,124,3.46827361,30.81828887,1.399885262,0.75147078,75.14707798,8,
B0018,125,3.463326493,30.71308363,1.394861757,0.748774118,74.87741179,7,
B0018,126,3.465675392,30.71297119,1.396624869,0.749720572,74.97205721,6,
B0018,127,3.458878127,31.02195579,1.393374033,0.747975495,74.79754946,5,
B0018,128,3.460820512,31.64926495,1.3821635,0.741957581,74.1957581,4,
B0018,129,3.469662103,31.67531071,1.38047321,0.741050219,74.10502187,3,
B0018,130,3.455727256,31.48995062,1.368874577,0.73482397,73.482397,2,
B0018,131,3.462372056,31.09662844,1.374366232,0.737771939,73.77719387,1,
B0018,132,3.444056375,31.1753614,1.352594856,0.726084872,72.60848716,0,
B0025,1,3.389429781,33.31159045,2.389785784,1,100,11,
B0025,2,3.388115203,33.06918775,2.484991711,1.039838686,100,10,
B0025,3,3.389367058,33.3548887,2.497355058,1.045012099,100,9,
B0025,4,3.412499359,33.28812189,2.368786687,0.991212979,99.12129794,8,
B0025,12,3.425032381,32.92951741,2.498996051,1.045698768,100,0,
B0026,1,3.393735079,32.82469913,2.267153182,1,100,24,
B0026,2,3.403811638,32.66289492,2.20417779,0.972222701,97.22227009,23,
B0026,3,3.431176287,32.7557843,2.227847254,0.98266287,98.26628705,22,
B0026,4,3.418559067,32.99325693,2.141278214,0.944478843,94.44788428,21,
B0026,5,3.420081975,32.80831314,2.245594329,0.990490782,99.04907824,20,
B0026,6,3.291263429,31.55221213,1.785521676,0.78756111,78.75611098,19,
B0026,8,3.419096558,32.71739589,2.098185589,0.92547147,92.54714703,17,
B0026,9,3.407745545,32.72577488,2.317684482,1.022288437,100,16,
B0026,10,3.432524945,32.8190895,2.251805748,0.993230526,99.32305262,15,
B0026,11,3.384533981,32.25644099,2.154364131,0.950250802,95.02508024,14,
B0026,12,3.418885555,32.67173374,2.261445838,0.997482594,99.74825944,13,
B0026,13,3.425965741,33.06475806,2.30556141,1.01694117,100,12,
B0026,14,3.425883469,33.05828374,2.212743412,0.976000841,97.60008407,11,
B0026,15,3.439616174,32.94144374,2.123194426,0.936502413,93.65024129,10,
B0026,16,3.437079871,33.05450393,2.194236635,0.967837838,96.78378382,9,
B0026,17,3.335307483,33.33227503,2.301519781,1.015158481,100,8,
B0026,20,3.403074626,33.33480392,2.343903525,1.033853179,100,5,
B0026,25,3.40557872,32.5212573,2.376083953,1.04804738,100,0,
B0027,1,3.410057554,34.02979504,2.15002132,1,100,25,
B0027,2,3.397973794,34.10248953,2.076952286,0.96601474,96.60147395,24,
B0027,3,3.421425245,34.33881646,2.054941399,0.955777219,95.57772195,23,
B0027,4,3.417552275,34.53572326,1.991280991,0.926168021,92.61680209,22,
B0027,6,3.387089397,34.43375767,2.179963891,1.013926639,100,20,
B0027,8,3.404700106,34.27272533,2.117732981,0.984982317,98.49823166,18,
B0027,9,3.399414549,34.25532157,2.09308367,0.973517635,97.35176345,17,
B0027,10,3.389829235,34.61476902,2.235095204,1.039568856,100,16,
B0027,12,3.399535355,34.32688504,2.185751055,1.016618317,100,14,
B0027,13,3.380539077,34.60641657,2.243687238,1.043565111,100,13,
B0027,14,3.410083802,34.66509152,2.160465111,1.004857529,100,12,
B0027,15,3.392403034,34.62696577,2.144261255,0.997320926,99.73209262,11,
B0027,16,3.400785831,34.62916468,2.154609457,1.002133996,100,10,
B0027,26,3.408745517,34.04018809,2.230685136,1.037517682,100,0,
B0028,1,3.665611082,30.24826799,2.205512717,1,100,27,
B0028,2,3.663994806,30.03645868,2.141601154,0.971021902,97.10219024,26,
B0028,3,3.67760764,30.20053258,2.042098813,0.925906615,92.59066145,25,
B0028,4,3.674594484,30.36396796,2.025938982,0.918579596,91.85795965,24,
B0028,5,3.671155847,30.38393766,2.147960726,0.973905391,97.39053914,23,
B0028,6,3.656557601,30.14213129,2.257191429,1.023431609,100,22,
B0028,8,3.675445085,30.13767373,2.085507611,0.945588568,94.55885678,20,
B0028,9,3.678546274,30.18124326,1.99771461,0.905782404,90.57824035,19,
B0028,10,3.676864258,30.56544788,1.95814942,0.887843178,88.78431783,18,
B0028,11,3.674241004,29.83010514,2.15456462,0.976899659,97.68996586,17,
B0028,12,3.673848447,30.31830517,2.084902586,0.945314244,94.53142437,16,
B0028,13,3.666620125,30.71345553,2.104159494,0.954045505,95.40455053,15,
B0028,14,3.675694772,30.6197852,1.996059748,0.905032074,90.50320738,14,
B0028,15,3.675452097,30.47981503,1.967871256,0.892251149,89.22511493,13,
B0028,16,3.678652926,30.57952376,2.012947208,0.912689005,91.26890052,12,
B0028,17,3.659259721,31.11141812,2.194368733,0.994947214,99.49472137,11,
B0028,18,3.678978751,30.90744386,2.162193059,0.980358464,98.03584636,10,
B0028,19,3.676390711,30.74489654,2.209987604,1.002028956,100,9,
B0028,20,3.673142852,30.69058666,2.239954754,1.015616341,100,8,
B0028,21,3.66782075,30.45813773,2.284574505,1.035847351,100,7,
B0028,22,3.671525169,30.52548367,2.14716907,0.973546447,97.35464475,6,
B0028,23,3.661039544,29.86357955,2.234223321,1.013017655,100,5,
B0028,24,3.66851482,29.90874369,2.24622042,1.018457252,100,4,
B0028,25,3.666623538,29.90407959,2.174183235,0.985794921,98.57949212,3,
B0028,26,3.671149928,29.97723334,2.134759036,0.967919622,96.79196222,2,
B0028,27,3.66796525,29.90226276,2.187522579,0.991843104,99.1843104,1,
B0028,28,3.652778527,30.05611718,2.234149944,1.012984385,100,0,
B0029,1,3.365186048,51.63154559,1.746650947,1,100,39,
B0029,10,3.395654464,52.84755776,1.803548263,1.032575093,100,30,
B0029,11,3.387361034,52.85910177,1.823490715,1.04399263,100,29,
B0029,12,3.388101586,52.90857657,1.807688552,1.034945509,100,28,
B0029,13,3.392760142,52.85284055,1.817158504,1.040367286,100,27,
B0029,14,3.393429267,52.83004725,1.781646979,1.020036077,100,26,
B0029,15,3.390107345,52.85449028,1.800071237,1.030584411,100,25,
B0029,16,3.395215463,52.7211791,1.820494935,1.042277473,100,24,
B0029,17,3.396002085,52.81570255,1.816500532,1.03999058,100,23,
B0029,18,3.394086637,52.8522329,1.792527701,1.026265554,100,22,
B0029,19,3.395445013,52.81456983,1.778564388,1.018271219,100,21,
B0029,20,3.392421893,52.84528006,1.7819436,1.020205899,100,20,
B0029,21,3.386455196,52.80918007,1.800287285,1.030708103,100,19,
B0029,22,3.397219894,52.87374138,1.774243738,1.015797542,100,18,
B0029,23,3.396907455,52.835084,1.758767096,1.006936789,100,17,
B0029,24,3.402080916,52.79945852,1.742439351,0.99758876,99.75887596,16,
B0029,25,3.399506709,52.81583882,1.735181446,0.993433433,99.34334329,15,
B0029,26,3.400076604,52.76136858,1.755198134,1.004893472,100,14,
B0029,27,3.39188412,52.89932871,1.749910258,1.001866035,100,13,
B0029,28,3.382081592,52.88160339,1.718325112,0.983782773,98.37827734,12,
B0029,29,3.39539818,52.77630021,1.725712376,0.988012161,98.80121609,11,
B0029,30,3.398823781,52.75722569,1.708456533,0.978132773,97.81327727,10,
B0029,31,3.390342781,52.75453931,1.715603848,0.982224783,98.22247835,9,
B0029,32,3.395819571,52.80834891,1.699098324,0.972774971,97.27749712,8,
B0029,33,3.388911375,52.81534812,1.702122628,0.974506458,97.45064583,7,
B0029,34,3.38846755,52.84010824,1.694007995,0.969860634,96.98606342,6,
B0029,35,3.39290312,52.82477815,1.676193962,0.959661669,95.96616687,5,
B0029,36,3.383550681,52.84878848,1.697009021,0.971578795,97.15787947,4,
B0029,37,3.393690426,52.86228097,1.677294583,0.960291801,96.02918007,3,
B0029,38,3.386603153,52.80892522,1.670395314,0.956341802,95.63418023,2,
B0029,39,3.390104938,52.83245128,1.663090845,0.952159817,95.21598168,1,
B0029,40,3.385019149,52.91920185,1.655119055,0.947595774,94.75957736,0,
B0030,1,3.337169169,52.56197269,1.692218684,1,100,39,
B0030,8,3.382377733,54.24230543,1.774142983,1.048412359,100,32,
B0030,9,3.387946185,54.15360141,1.750204439,1.034266112,100,31,
B0030,10,3.383589423,54.22531042,1.748369094,1.033181533,100,30,
B0030,11,3.378187883,54.27805816,1.75792581,1.03882898,100,29,
B0030,12,3.387227061,54.24400267,1.742530534,1.029731293,100,28,
B0030,13,3.387969834,54.24150011,1.728974156,1.021720285,100,27,
B0030,14,3.390440747,54.14458324,1.715187759,1.013573349,100,26,
B0030,15,3.385905801,54.2288664,1.711543281,1.01141968,100,25,
B0030,16,3.370535099,54.21788286,1.773799099,1.048209144,100,24,
B0030,17,3.381881829,54.1959555,1.749401984,1.033791909,100,23,
B0030,18,3.384702721,54.18204184,1.734753358,1.025135448,100,22,
B0030,19,3.386500946,54.15828321,1.709629617,1.01028882,100,21,
B0030,20,3.381392431,54.27375523,1.702773177,1.006237074,100,20,
B0030,21,3.380526091,54.33751659,1.709459304,1.010188175,100,19,
B0030,22,3.387987255,54.26411678,1.693806065,1.000938047,100,18,
B0030,23,3.385074539,54.39457639,1.688405904,0.997746875,99.77468751,17,
B0030,24,3.386646883,54.34155218,1.67216561,0.988149833,98.81498329,16,
B0030,25,3.383266539,54.37678859,1.675220107,0.989954858,98.9954858,15,
B0030,26,3.386762203,54.3226273,1.684174451,0.995246339,99.52463393,14,
B0030,27,3.39110427,54.28633141,1.668561014,0.986019732,98.60197321,13,
B0030,28,3.38512535,54.14848136,1.660660139,0.981350788,98.13507877,12,
B0030,29,3.384804742,54.21526643,1.654047936,0.977443372,97.74433717,11,
B0030,30,3.389104218,54.27348592,1.636898418,0.967309032,96.73090324,10,
B0030,31,3.38097442,54.3835276,1.644285835,0.971674554,97.16745539,9,
B0030,32,3.377917796,54.38641951,1.649344868,0.97466414,97.46641395,8,
B0030,33,3.376636017,54.25862203,1.641869754,0.970246794,97.02467945,7,
B0030,34,3.380744112,54.37976182,1.623155169,0.959187594,95.91875945,6,
B0030,35,3.387067269,54.42543761,1.615457813,0.954638917,95.46389173,5,
B0030,36,3.382075908,54.36217958,1.636804213,0.967253363,96.72533628,4,
B0030,37,3.390324176,54.31407273,1.616075528,0.95500395,95.50039501,3,
B0030,38,3.386049023,54.27958808,1.609757735,0.951270513,95.12705126,2,
B0030,39,3.386395061,54.40200458,1.602027348,0.946702316,94.67023161,1,
B0030,40,3.386934095,54.35480349,1.594188991,0.942070316,94.20703165,0,
B0031,1,3.371781945,52.57050816,1.692895521,1,100,39,
B0031,16,3.400954566,53.83688638,1.763997179,1.042000028,100,24,
B0031,20,3.415108283,53.8268161,1.774048308,1.047937269,100,20,
B0031,23,3.417770328,53.84055088,1.76221834,1.04094926,100,17,
B0031,24,3.414654318,53.81123697,1.767280823,1.043939689,100,16,
B0031,25,3.414289587,53.81770349,1.760976202,1.040215525,100,15,
B0031,26,3.414599449,53.75428766,1.769907998,1.045491571,100,14,
B0031,27,3.424877465,53.71143181,1.755209927,1.036809364,100,13,
B0031,28,3.420974185,53.69342765,1.747579435,1.032302002,100,12,
B0031,29,3.41922299,53.68262977,1.731353957,1.022717549,100,11,
B0031,30,3.423217375,53.63362844,1.724729715,1.018804583,100,10,
B0031,31,3.41645279,53.70681491,1.742714207,1.029428093,100,9,
B0031,32,3.420095731,53.64019462,1.728082495,1.020785083,100,8,
B0031,33,3.418207639,53.65373339,1.721210826,1.016725962,100,7,
B0031,34,3.41900556,53.65355339,1.713575215,1.012215576,100,6,
B0031,35,3.420018023,53.64783074,1.705818765,1.007633811,100,5,
B0031,36,3.415529536,53.65471501,1.727124359,1.020219109,100,4,
B0031,37,3.407803379,53.79305545,1.70627347,1.007902407,100,3,
B0031,38,3.417798611,53.66477582,1.71135478,1.010903957,100,2,
B0031,39,3.417127316,53.69539242,1.704391249,1.006790572,100,1,
B0031,40,3.417117749,53.68095305,1.696833056,1.002325918,100,0,
B0032,1,3.313568814,52.14812252,1.710456368,1,100,39,
B0032,13,3.348462824,54.25103736,1.780723169,1.041080733,100,27,
B0032,14,3.348781527,54.29183493,1.767600468,1.033408686,100,26,
B0032,15,3.353341844,54.24570411,1.786343039,1.04436633,100,25,
B0032,16,3.336105494,54.4682376,1.793459959,1.048527161,100,24,
B0032,17,3.343112549,54.46379579,1.790809702,1.046977716,100,23,
B0032,18,3.348730041,54.446061,1.789950429,1.046475351,100,22,
B0032,19,3.352780946,54.39402584,1.775710258,1.038149988,100,21,
B0032,20,3.355999288,54.4322863,1.75743324,1.027464525,100,20,
B0032,21,3.343300994,54.58749035,1.775904286,1.038263424,100,19,
B0032,22,3.350947868,54.58888177,1.760956552,1.029524392,100,18,
B0032,23,3.351949039,54.62676613,1.745088724,1.020247436,100,17,
B0032,24,3.349297591,54.64310927,1.739930839,1.017231934,100,16,
B0032,25,3.340161135,54.84175581,1.708830202,0.99904928,99.90492797,15,
B0032,26,3.338038514,54.80376571,1.762899727,1.030660449,100,14,
B0032,27,3.352510194,54.6791089,1.725466609,1.008775577,100,13,
B0032,28,3.344931687,54.75344463,1.728287875,1.010425,100,12,
B0032,29,3.341057057,54.7546147,1.711809557,1.000791128,100,11,
B0032,30,3.344566813,54.74865999,1.706887477,0.997913486,99.79134859,10,
B0032,31,3.336907579,54.85845447,1.714474271,1.002349024,100,9,
B0032,32,3.34201872,54.8008058,1.697884893,0.992650222,99.26502216,8,
B0032,33,3.345945128,54.73161318,1.690908383,0.98857148,98.857148,7,
B0032,34,3.340811339,54.91748161,1.680851818,0.982692017,98.26920172,6,
B0032,35,3.343683677,54.79002576,1.675111452,0.979335973,97.93359731,5,
B0032,36,3.337379818,54.91679436,1.696432167,0.991800901,99.1800901,4,
B0032,37,3.332224201,54.997372,1.662932102,0.972215447,97.22154468,3,
B0032,38,3.340697543,54.85304066,1.669947473,0.976316909,97.63169086,2,
B0032,39,3.339312977,54.89156533,1.650144836,0.964739508,96.47395084,1,
B0032,40,3.333934803,54.88128669,1.642402244,0.960212885,96.02128854,0,
B0033,2,3.711124411,32.92186001,0.717504702,1,100,144,
B0033,145,3.753026518,32.39035932,0.520104893,0.724880117,72.48801174,1,
B0033,146,3.742105031,32.9151429,0.532315876,0.741898798,74.1898798,0,
B0034,1,3.11638302,38.91584283,0.998058987,1,100,0,
B0036,1,3.310062156,24.89207373,1.004775956,1,100,0,
B0038,1,2.88323966,38.82650557,1.089758414,1,100,0,
B0039,2,3.509439647,34.61280822,0.562457926,1,100,10,
B0039,3,3.501843748,34.64734048,0.577043313,1.025931516,100,9,
B0039,4,3.500494299,34.84733016,0.569342232,1.012239682,100,8,
B0039,5,3.509109912,34.65058122,0.56217931,0.999504645,99.9504645,7,
B0039,6,3.506729063,34.62333656,0.558956369,0.993774544,99.37745442,6,
B0039,7,3.436729343,35.36522674,0.551645905,0.98077719,98.07771902,5,
B0039,8,3.509308127,34.59403328,0.556213483,0.988897937,98.88979375,4,
B0039,9,3.512875695,34.57629942,0.553349659,0.983806314,98.38063139,3,
B0039,10,3.489255495,34.78274903,0.556370122,0.989176427,98.9176427,2,
B0039,11,3.514220671,34.58328082,0.548437807,0.975073479,97.50734794,1,
B0039,12,3.513397906,34.54167952,0.540225553,0.960472823,96.04728235,0,
B0040,1,3.242906455,34.40886526,0.679288569,1,100,46,
B0040,47,3.523477335,50.3524643,0.564148427,0.830498926,83.04989263,0,
B0041,43,3.310362664,9.151850609,1.331111256,1,100,24,
B0041,44,3.352216786,8.876554054,1.26368935,0.949349158,94.93491583,23,
B0041,45,3.352716471,8.768986693,1.228991666,0.923282453,92.32824534,22,
B0041,46,3.356151335,8.88199279,1.190503661,0.894368262,89.43682625,21,
B0041,47,3.372147026,8.692530452,1.152947812,0.866154355,86.61543554,20,
B0041,48,3.363408792,8.775576869,1.130901475,0.849592001,84.95920009,19,
B0041,49,3.363037251,8.618457016,1.104116835,0.829469986,82.94699864,18,
B0041,50,3.369802766,8.673602735,1.088717378,0.817901113,81.79011134,17,
B0041,51,3.356454252,8.766842645,1.080928402,0.81204963,81.20496296,16,
B0041,52,3.361431972,8.855698872,1.057406763,0.794378951,79.43789508,15,
B0041,53,3.366127473,8.802245812,1.045525476,0.78545311,78.54531105,14,
B0041,54,3.352766367,8.746671424,1.033920022,0.77673449,77.673449,13,
B0041,55,3.373028235,8.94005254,1.026244902,0.77096854,77.09685405,12,
B0041,56,3.371640707,9.073367789,1.015008674,0.762527302,76.25273018,11,
B0041,57,3.370202368,8.565644505,1.005728768,0.755555753,75.55557533,10,
B0041,58,3.356486172,8.776722955,1.010601698,0.759216552,75.92165517,9,
B0041,59,3.368421876,8.574644869,0.98609535,0.740806109,74.08061092,8,
B0041,60,3.357866315,8.76701954,1.002731876,0.753304333,75.33043327,7,
B0041,61,3.348775652,8.792028345,0.995420837,0.7478119,74.78118997,6,
B0041,62,3.366611014,8.791995352,0.976564305,0.733645892,73.3645892,5,
B0041,63,3.346572995,8.92046185,0.987032162,0.741509891,74.15098908,4,
B0041,64,3.343132911,8.879362873,0.970862888,0.729362691,72.93626911,3,
B0041,65,3.357347467,8.828059277,0.97057559,0.729146858,72.91468581,2,
B0041,66,3.348490064,8.846478461,0.968218757,0.727376282,72.73762824,1,
B0041,67,3.348749731,8.797221745,0.963708336,0.72398782,72.398782,0,
B0042,1,3.46594194,30.52825581,1.769157648,1,100,111,
B0042,2,3.485238692,29.95773352,1.756101163,0.992619942,99.26199423,110,
B0042,3,3.488383161,29.66167871,1.752991558,0.990862267,99.08622669,109,
B0042,4,3.49460315,29.58111945,1.745316986,0.986524286,98.6524286,108,
B0042,5,3.504146686,29.85245203,1.741729886,0.984496711,98.4496711,107,
B0042,6,3.581391654,29.44940696,1.474133956,0.833240586,83.32405862,106,
B0042,7,3.511927236,30.13315308,1.734000916,0.980127982,98.0127982,105,
B0042,8,3.509889498,29.74045371,1.729359799,0.977504634,97.75046339,104,
B0042,9,3.508503302,29.50335412,1.721769058,0.973214037,97.32140374,103,
B0042,10,3.509373849,29.32450929,1.715212171,0.969507818,96.95078181,102,
B0042,11,3.504611877,29.22569194,1.71364053,0.968619462,96.86194622,101,
B0042,12,3.507290173,29.26180921,1.706525245,0.964597613,96.45976134,100,
B0042,13,3.505007993,29.20609205,1.704670492,0.963549231,96.35492314,99,
B0042,14,3.508074729,29.18392032,1.694624534,0.957870846,95.78708465,98,
B0042,15,3.5057452,29.15371413,1.693031507,0.956970403,95.69704029,97,
B0042,16,3.504898529,29.10632507,1.696885787,0.959148999,95.91489986,96,
B0042,17,3.502091021,29.12674242,1.688780263,0.954567426,95.45674262,95,
B0042,18,3.505687448,29.11535256,1.68177651,0.95060862,95.06086198,94,
B0042,19,3.501789525,29.12272547,1.680288926,0.949767776,94.97677764,93,
B0042,20,3.500159438,29.16352228,1.676910296,0.947858037,94.78580371,92,
B0042,21,3.503798387,29.35747713,1.702598823,0.96237824,96.23782397,91,
B0042,22,3.512523395,30.05829873,1.691546831,0.956131203,95.61312032,90,
B0042,23,3.509324438,30.33555214,1.688815297,0.954587229,95.4587229,89,
B0042,24,3.507216525,30.22790177,1.678570764,0.948796601,94.87966012,88,
B0042,25,3.50551858,30.04068826,1.666688952,0.942080517,94.20805171,87,
B0042,26,3.504132817,29.99514841,1.661068252,0.938903469,93.89034685,86,
B0042,27,3.500597395,30.29954532,1.669189618,0.943493995,94.34939954,85,
B0042,28,3.504252997,30.68092451,1.665275026,0.941281309,94.12813086,84,
B0042,29,3.501278659,30.66343529,1.658145702,0.937251524,93.72515242,83,
B0042,30,3.501431067,30.40848005,1.645999054,0.930385744,93.03857438,82,
B0042,31,3.493499362,30.23940448,1.647165173,0.931044881,93.10448813,81,
B0042,32,3.491928489,30.1387075,1.647994406,0.931513598,93.15135976,80,
B0042,33,3.495727453,30.49092273,1.643328674,0.928876336,92.88763359,79,
B0042,34,3.491932625,30.52916769,1.636100609,0.924790739,92.47907389,78,
B0042,35,3.49000592,30.17961905,1.623943765,0.917919195,91.79191954,77,
B0042,36,3.487760577,29.93310245,1.616694991,0.913821893,91.38218929,76,
B0042,37,3.4820338,29.85511285,1.624031432,0.917968748,91.79687483,75,
B0042,38,3.485776899,30.25738767,1.617552087,0.914306359,91.43063586,74,
B0042,39,3.484962036,30.5627858,1.617407456,0.914224607,91.42246075,73,
B0042,40,3.483959695,30.59004135,1.609350505,0.90967049,90.967049,72,
B0042,41,3.476805816,30.21923071,1.595108313,0.901620223,90.16202227,71,
B0042,42,2.705276423,24.18340292,1.16988033,0.661264038,66.12640375,70,
B0042,43,2.679525149,23.82698736,1.122013281,0.634207631,63.42076308,69,
B0042,44,2.679115795,23.77974969,1.098509507,0.62092234,62.09223403,68,
B0042,45,2.652937956,23.9578003,1.088314427,0.615159665,61.51596654,67,
B0042,46,2.691575483,24.09382213,1.179436909,0.666665806,66.66658057,66,
B0042,47,2.6739113,23.99346261,1.184074696,0.669287272,66.92872717,65,
B0042,48,2.674532494,24.13426783,1.162879013,0.657306608,65.7306608,64,
B0042,49,2.672674327,24.39919866,1.153103906,0.651781319,65.17813192,63,
B0042,51,2.64743295,24.88014162,1.161525642,0.656541627,65.65416274,61,
B0042,52,2.650103129,24.48479025,1.151294173,0.650758384,65.07583843,60,
B0042,53,2.638635174,24.32438028,1.142708187,0.645905235,64.59052354,59,
B0042,54,2.641516206,24.31173812,1.120415133,0.633304293,63.33042928,58,
B0042,55,2.636149095,24.79815513,1.137188553,0.642785313,64.27853131,57,
B0042,56,2.602713371,24.68715357,1.137699788,0.643074284,64.30742838,56,
B0042,57,2.590840722,24.65321159,1.131898364,0.639795083,63.97950829,55,
B0042,58,2.613327939,24.52980437,1.120114954,0.633134619,63.31346193,54,
B0042,59,2.608476192,24.52142021,1.112095006,0.628601418,62.8601418,53,
B0042,60,2.584146864,24.84362041,1.115226875,0.630371678,63.03716781,52,
B0042,61,2.590977993,24.56194409,1.104772461,0.624462417,62.44624169,51,
B0042,62,2.581861635,24.34937685,1.107653606,0.626090957,62.60909574,50,
B0042,63,2.589465708,24.83962803,1.097293205,0.620234837,62.0234837,49,
B0042,67,2.598170403,24.9982092,1.175210853,0.664277067,66.42770668,45,
B0042,68,2.589447281,25.24765085,1.154026648,0.652302891,65.23028907,44,
B0042,69,2.573066891,24.8503174,1.129670915,0.638536038,63.85360376,43,
B0042,71,2.570306501,25.75015309,1.152508077,0.651444533,65.14445327,41,
B0042,72,2.534922103,25.44262248,1.123494123,0.635044663,63.5044663,40,
B0042,73,2.550346983,25.64014268,1.125268587,0.636047663,63.60476625,39,
B0042,74,2.565020387,25.47246501,1.103662869,0.62383523,62.38352301,38,
B0042,75,2.549890373,25.70666983,1.107039874,0.625744051,62.5744051,37,
B0042,76,2.541309292,25.73079046,1.096222483,0.619629621,61.96296207,36,
B0042,77,2.532211295,25.61015187,1.085021609,0.613298431,61.32984306,35,
B0042,78,2.533639893,25.87100127,1.101458144,0.62258903,62.25890302,34,
B0042,79,2.530010434,25.6009706,1.076499393,0.608481327,60.84813267,33,
B0042,88,3.377141799,8.324353752,1.498666949,0.847107634,84.7107634,24,
B0042,89,3.425012535,8.08831126,1.5791827,0.892618417,89.26184175,23,
B0042,90,3.427812477,8.108636078,1.576333639,0.891008012,89.10080119,22,
B0042,91,3.422693133,8.189761991,1.566682548,0.885552822,88.55528221,21,
B0042,92,3.427137964,8.133323148,1.559549146,0.881520733,88.15207326,20,
B0042,93,3.422475303,8.221548017,1.55540688,0.879179355,87.91793547,19,
B0042,94,3.413766615,8.196033184,1.544497615,0.873012994,87.3012994,18,
B0042,95,3.415284661,8.163631925,1.540252202,0.870613314,87.06133136,17,
B0042,96,3.41133983,8.182297961,1.532612548,0.866295069,86.62950694,16,
B0042,97,3.406171737,8.239851196,1.525939957,0.862523449,86.25234494,15,
B0042,98,3.402257827,8.319514469,1.519184726,0.858705117,85.87051173,14,
B0042,99,3.392089193,8.203300249,1.509389052,0.853168203,85.3168203,13,
B0042,100,3.396207268,8.252382765,1.50411458,0.850186857,85.01868565,12,
B0042,101,3.395827066,8.247452042,1.493255161,0.84404867,84.40486703,11,
B0042,102,3.392493128,8.179356055,1.482159418,0.837776904,83.77769043,10,
B0042,103,3.389283502,8.338006312,1.476415774,0.834530363,83.45303628,9,
B0042,104,3.377876069,8.293330796,1.471544432,0.831776882,83.17768815,8,
B0042,105,3.386987303,8.373136255,1.460773665,0.825688805,82.56888054,7,
B0042,106,3.382913059,8.329037454,1.454525871,0.822157298,82.21572978,6,
B0042,107,3.377465141,8.396128944,1.446755796,0.817765335,81.77653346,5,
B0042,108,3.378093484,8.436921734,1.43692517,0.812208664,81.2208664,4,
B0042,109,3.36416308,8.41979467,1.436575104,0.812010792,81.20107922,3,
B0042,110,3.370585386,8.409805734,1.427105414,0.806658138,80.66581379,2,
B0042,111,3.366371835,8.370055045,1.418587832,0.801843654,80.18436535,1,
B0042,112,3.358826374,8.339604933,1.411021379,0.797566786,79.75667855,0,
B0043,1,3.480280333,30.84790218,1.732423649,1,100,111,
B0043,2,3.49491406,30.28410293,1.709066973,0.986517919,98.65179189,110,
B0043,3,3.490921393,30.0619277,1.700390821,0.981509818,98.15098183,109,
B0043,4,3.496865689,30.00810107,1.692282584,0.976829533,97.68295327,108,
B0043,5,3.501376117,30.40063859,1.688548025,0.974673848,97.46738482,107,
B0043,6,3.579339612,29.92385834,1.456704912,0.840847972,84.08479716,106,
B0043,7,3.508375347,30.59987834,1.675049863,0.966882358,96.68823576,105,
B0043,8,3.503252615,30.2817152,1.670058885,0.964001435,96.40014353,104,
B0043,9,3.505146635,29.93668404,1.656375241,0.95610288,95.61028803,103,
B0043,10,3.502442841,29.74762437,1.649585191,0.952183487,95.21834869,102,
B0043,11,3.498452746,29.72392734,1.647607824,0.951042099,95.10420989,101,
B0043,12,3.50269722,29.72725186,1.640281469,0.946813136,94.68131362,100,
B0043,13,3.497927182,29.66844057,1.632483038,0.942311679,94.23116791,99,
B0043,14,3.499400184,29.66820691,1.6333613,0.942818635,94.28186349,98,
B0043,15,3.500494761,29.63765085,1.620412612,0.935344315,93.53443154,97,
B0043,16,3.496170045,29.59359707,1.618076083,0.93399561,93.39956098,96,
B0043,17,3.500009717,29.61862994,1.609928622,0.929292683,92.92926834,95,
B0043,18,3.498396835,29.6916591,1.602710896,0.925126424,92.51264243,94,
B0043,19,3.498396345,29.61417423,1.594960446,0.920652663,92.0652663,93,
B0043,20,3.497835633,29.6492716,1.590804,0.918253454,91.82534543,92,
B0043,21,3.493143385,29.99315282,1.610021136,0.929346085,92.9346085,91,
B0043,22,3.500270597,30.68127625,1.604874723,0.926375442,92.63754415,90,
B0043,23,3.502657811,30.8712366,1.595967941,0.921234215,92.12342154,89,
B0043,24,3.500153821,30.78499941,1.585646587,0.915276461,91.52764609,88,
B0043,25,3.496757952,30.58148072,1.57967242,0.911828016,91.18280164,87,
B0043,26,3.494615799,30.5230672,1.573703299,0.908382485,90.83824846,86,
B0043,27,3.499373375,30.87844076,1.56922965,0.905800178,90.58001777,85,
B0043,28,3.49982444,31.22588451,1.565050508,0.903387869,90.33878687,84,
B0043,29,3.500949672,31.11567513,1.558030528,0.899335753,89.93357534,83,
B0043,30,3.496873892,31.13064507,1.558186445,0.899425753,89.94257529,82,
B0043,31,3.489537224,30.83723274,1.54664293,0.892762536,89.27625355,81,
B0043,32,3.487814026,30.61655837,1.540596793,0.889272548,88.92725479,80,
B0043,33,3.492549448,30.99210259,1.535562182,0.88636644,88.63664396,79,
B0043,34,3.484915124,30.96831477,1.528276265,0.882160819,88.21608186,78,
B0043,35,3.484285708,30.58536044,1.515874744,0.875002338,87.50023379,77,
B0043,36,3.482224219,30.33807658,1.508422559,0.870700743,87.07007429,76,
B0043,37,3.475468599,30.40725503,1.508714967,0.870869529,87.08695287,75,
B0043,38,3.477204406,30.83183596,1.508508471,0.870750334,87.07503336,74,
B0043,39,3.482446809,31.07076351,1.501457737,0.866680466,86.66804664,73,
B0043,40,3.480338561,31.03847062,1.493417124,0.862039216,86.20392159,72,
B0043,41,3.473540908,30.62547225,1.485696758,0.85758282,85.75828199,71,
B0043,88,3.469391279,7.784854957,1.547887148,0.893480731,89.34807308,24,
B0043,89,3.488155688,7.684549737,1.575464989,0.909399378,90.93993779,23,
B0043,90,3.488348129,7.720355964,1.565670035,0.903745476,90.37454756,22,
B0043,91,3.482851877,7.795012554,1.55606855,0.898203249,89.82032487,21,
B0043,92,3.479771238,7.802002705,1.53821056,0.887895152,88.78951524,20,
B0043,93,3.472364265,7.885422698,1.530493523,0.883440678,88.34406778,19,
B0043,94,3.46396706,7.874091273,1.512739258,0.873192454,87.31924542,18,
B0043,95,3.46217096,7.840911831,1.504775463,0.868595545,86.85955447,17,
B0043,96,3.45697771,7.866129689,1.493427746,0.862045347,86.20453467,16,
B0043,97,3.447487787,7.943762608,1.483376222,0.856243346,85.62433461,15,
B0043,98,3.445834959,8.025098087,1.469324785,0.848132491,84.81324907,14,
B0043,99,3.435883189,7.90928114,1.45960513,0.842522053,84.25220533,13,
B0043,100,3.439373735,7.976462739,1.446841828,0.835154743,83.5154743,12,
B0043,101,3.43759552,7.968154991,1.432006467,0.826591387,82.65913869,11,
B0043,102,3.432715938,7.919276365,1.417122414,0.817999924,81.79999244,10,
B0043,103,3.431279378,8.087848756,1.407833852,0.812638325,81.26383246,9,
B0043,104,3.424769648,8.015101284,1.396289119,0.805974405,80.59744045,8,
B0043,105,3.425776014,8.129486793,1.389000934,0.801767475,80.17674746,7,
B0043,106,3.419915977,8.089656476,1.378588015,0.795756867,79.57568666,6,
B0043,107,3.41990032,8.137705172,1.359489565,0.784732745,78.47327447,5,
B0043,108,3.410289311,8.240062513,1.357097762,0.783352133,78.33521333,4,
B0043,109,3.407415912,8.194995442,1.345796114,0.776828528,77.68285283,3,
B0043,110,3.41287124,8.189312466,1.331898898,0.768806694,76.88066936,2,
B0043,111,3.408624212,8.139466323,1.3198438,0.761848177,76.18481774,1,
B0043,112,3.405549573,8.109892881,1.308417588,0.755252671,75.52526708,0,
B0044,1,3.441386559,32.03529153,1.689480819,1,100,111,
B0044,2,3.454189462,31.40420605,1.665415811,0.985755974,98.57559743,110,
B0044,3,3.45379389,31.10999378,1.656398299,0.980418529,98.0418529,109,
B0044,4,3.456774742,31.07820835,1.648283275,0.975615264,97.56152636,108,
B0044,5,3.465494673,31.44409334,1.638682491,0.969932581,96.9932581,107,
B0044,6,3.526841344,30.95727343,1.460314573,0.864357,86.43570004,106,
B0044,7,3.470370327,31.57550102,1.629773808,0.964659551,96.4659551,105,
B0044,8,3.466739224,31.24730174,1.618979914,0.958270669,95.82706686,104,
B0044,9,3.46557937,31.02566005,1.610607764,0.953315211,95.33152112,103,
B0044,10,3.461713394,30.84107648,1.603391885,0.949044149,94.90441485,102,
B0044,11,3.461879074,30.77230622,1.600933046,0.947588767,94.75887666,101,
B0044,12,3.457591647,30.80874104,1.587138102,0.93942357,93.94235695,100,
B0044,13,3.461213083,30.69535135,1.584742867,0.938005835,93.80058353,99,
B0044,14,3.46344525,30.66719324,1.574595763,0.931999786,93.19997865,98,
B0044,15,3.463393966,30.61137698,1.566378999,0.927136302,92.71363021,97,
B0044,16,3.459813075,30.63348514,1.563842583,0.925635003,92.56350029,96,
B0044,17,3.459316118,30.66277711,1.555604071,0.920758646,92.07586459,95,
B0044,18,3.459187139,30.63558089,1.547651515,0.916051545,91.60515452,94,
B0044,19,3.45929838,30.64518234,1.539753355,0.911376642,91.13766416,93,
B0044,20,3.454983193,30.66999989,1.533985353,0.907962574,90.79625738,92,
B0044,21,3.461426667,31.24429979,1.548466759,0.916534086,91.65340864,91,
B0044,22,3.467264796,31.97817395,1.542925296,0.913254107,91.32541067,90,
B0044,23,3.46795456,32.19451636,1.533789211,0.907846478,90.78464777,89,
B0044,24,3.466340281,32.08562665,1.523281614,0.901627054,90.16270543,88,
B0044,25,3.460557921,31.90081722,1.516968294,0.897890214,89.78902138,87,
B0044,26,3.461402378,31.7924859,1.504580265,0.890557767,89.05577666,86,
B0044,27,3.462846505,32.15237988,1.505732633,0.891239851,89.12398507,85,
B0044,28,3.462736955,32.60884115,1.501460255,0.88871104,88.87110397,84,
B0044,29,3.46076158,32.48454376,1.494043429,0.884321037,88.43210367,83,
B0044,30,3.456551724,32.30220373,1.487801998,0.880626747,88.06267473,82,
B0044,31,3.45421784,32.12567905,1.481167442,0.876699768,87.66997681,81,
B0044,32,3.455196573,31.69686855,1.469798897,0.869970751,86.99707511,80,
B0044,33,3.452174403,32.11443585,1.475771864,0.873506137,87.35061373,79,
B0044,34,3.450443273,32.05584649,1.468028768,0.868923016,86.89230157,78,
B0044,35,3.451674364,31.67129465,1.450282272,0.858418903,85.84189033,77,
B0044,36,3.448674628,31.42146323,1.442556216,0.853845868,85.38458678,76,
B0044,37,3.442501481,31.51837451,1.442483231,0.853802668,85.38026678,75,
B0044,38,3.445943736,31.85014481,1.442134734,0.853596394,85.35963937,74,
B0044,39,3.449449539,32.11838682,1.434854471,0.849287222,84.92872217,73,
B0044,40,3.446501593,32.15028841,1.426471759,0.844325513,84.43255127,72,
B0044,41,3.443435993,31.71276459,1.418535606,0.839628121,83.96281213,71,
B0044,88,3.438960641,7.826781492,1.479956973,0.875983294,87.59832938,24,
B0044,89,3.458354924,7.725494235,1.496175375,0.885582931,88.55829305,23,
B0044,90,3.456748889,7.77313426,1.490059996,0.881963251,88.19632509,22,
B0044,91,3.453365325,7.849823078,1.476899648,0.87417367,87.41736697,21,
B0044,92,3.453648248,7.860610862,1.462473657,0.865634957,86.56349574,20,
B0044,93,3.446467301,7.921531089,1.454455931,0.860889283,86.08892828,19,
B0044,94,3.436534616,7.898405713,1.445771391,0.855748923,85.57489229,18,
B0044,95,3.438562808,7.820854725,1.432104829,0.847659714,84.76597144,17,
B0044,96,3.436932789,7.831439143,1.416082128,0.838175913,83.81759129,16,
B0044,97,3.43456484,7.874273117,1.399427413,0.828318024,82.83180237,15,
B0044,98,3.431221284,7.963690111,1.388652749,0.821940523,82.19405234,14,
B0044,99,3.423886138,7.821211389,1.374590715,0.813617236,81.36172361,13,
B0044,100,3.431581586,7.870838194,1.362039816,0.806188387,80.61883867,12,
B0044,101,3.429422519,7.871557446,1.350892566,0.799590354,79.95903539,11,
B0044,102,3.428914722,7.788604199,1.335579844,0.790526787,79.05267871,10,
B0044,103,3.415073433,8.026704122,1.340913272,0.793683632,79.36836315,9,
B0044,104,3.420207221,7.880210919,1.317562221,0.779862196,77.98621955,8,
B0044,105,3.415728826,8.02433927,1.325132291,0.784342903,78.43429032,7,
B0044,106,3.413524077,7.990521311,1.310961785,0.775955412,77.59554121,6,
B0044,107,3.417717288,8.0106127,1.291982695,0.76472173,76.47217303,5,
B0044,108,3.408772373,8.125347022,1.295362925,0.766722481,76.67224811,4,
B0044,109,3.409208875,8.017008108,1.27747873,0.756136865,75.61368653,3,
B0044,110,3.410493275,8.014194581,1.270822548,0.752197085,75.21970852,2,
B0044,111,3.411472966,7.944826767,1.25881163,0.745087849,74.50878491,1,
B0044,112,3.406821086,7.898365164,1.250848962,0.740374764,74.03747636,0,
B0045,1,3.331115609,9.550861491,1.21300435,1,100,71,
B0045,2,3.326158901,9.501609704,1.074090376,0.88547941,88.54794097,70,
B0045,3,3.347444081,9.182344432,1.031401605,0.850286815,85.02868148,69,
B0045,4,3.347701839,9.125693384,1.001065986,0.82527815,82.52781504,68,
B0045,5,3.350988891,9.129155714,0.976700968,0.805191645,80.51916448,67,
B0045,6,3.34909359,9.157107195,0.957019968,0.788966641,78.89666414,66,
B0045,7,3.335922927,9.333738109,0.933903439,0.76990939,76.990939,65,
B0045,8,3.353858435,9.406521646,0.951697411,0.784578729,78.45787288,64,
B0045,9,3.360194035,9.332993108,0.93497287,0.770791028,77.07910281,63,
B0045,10,3.352331495,9.444905698,0.918238835,0.7569955,75.69955001,62,
B0045,11,3.369036038,9.426838379,0.904716082,0.745847352,74.58473516,61,
B0045,12,3.367682432,9.369970113,0.89961346,0.741640753,74.16407533,60,
B0045,13,3.327913283,9.340707664,0.917315571,0.756234362,75.62343618,59,
B0045,14,3.350321096,9.302069154,0.933791985,0.769817507,76.98175073,58,
B0045,15,3.359331163,9.317411981,0.91773599,0.756580955,75.65809553,57,
B0045,16,3.369592127,9.263700521,0.896734267,0.739267149,73.92671487,56,
B0045,17,3.358917145,9.340028115,0.882673852,0.727675751,72.76757511,55,
B0045,18,3.362030641,9.300562992,0.875080708,0.721415968,72.14159681,54,
B0045,19,3.358853609,9.222813043,0.864990295,0.713097439,71.30974385,53,
B0045,21,3.378695692,9.095326551,0.867836187,0.71544359,71.54435901,51,
B0045,22,3.349487252,9.366601226,0.854479537,0.704432377,70.44323767,50,
B0045,23,3.357372111,9.325044934,0.846274924,0.697668499,69.76684988,49,
B0045,24,3.349149657,9.386049451,0.84198743,0.694133891,69.41338911,48,
B0045,25,3.347781232,9.470602765,0.83947046,0.692058903,69.20589029,47,
B0045,26,3.367071947,9.250795795,0.826501672,0.681367442,68.13674423,46,
B0045,27,3.362269538,9.16166664,0.823869725,0.679197668,67.91976676,45,
B0045,28,3.34195932,9.479665181,0.822770467,0.67829144,67.829144,44,
B0045,29,3.349886287,9.345640472,0.81163137,0.669108375,66.9108375,43,
B0045,30,3.369686875,9.247065509,0.818195937,0.6745202,67.45201999,42,
B0045,31,3.347131692,9.437188063,0.818315723,0.674618951,67.46189513,41,
B0045,32,3.356006959,9.326616317,0.810112027,0.66785583,66.78558304,40,
B0045,33,3.346875326,9.407626297,0.810656643,0.668304811,66.83048115,39,
B0045,34,3.324989374,9.389548667,0.819483846,0.675581952,67.55819517,38,
B0045,35,3.359410718,9.34928643,0.85025642,0.700950842,70.09508417,37,
B0045,36,3.332764811,9.441538953,0.847314111,0.698525204,69.85252043,36,
B0045,37,3.355905037,9.359228664,0.825227762,0.680317232,68.03172323,35,
B0045,38,3.35179023,9.274387575,0.812128991,0.669518614,66.95186136,34,
B0045,39,3.331974476,9.429696549,0.820109457,0.676097704,67.60977044,33,
B0045,40,3.346101303,9.394881952,0.797477797,0.657440179,65.74401788,32,
B0045,41,3.342888663,9.43075777,0.804873808,0.663537446,66.35374455,31,
B0045,42,3.354917025,9.224836631,0.773876105,0.63798296,63.79829596,30,
B0045,43,3.344363951,9.403833755,0.790475295,0.651667321,65.16673209,29,
B0045,44,3.334527453,9.500876856,0.780764418,0.64366168,64.366168,28,
B0045,45,3.3175031,9.562182833,0.788525579,0.650059976,65.00599761,27,
B0045,46,3.34084679,9.261436822,0.77949495,0.642615132,64.26151316,26,
B0045,47,3.307456011,9.662581378,0.784165414,0.646465459,64.64654591,25,
B0045,48,3.339720799,9.430160366,0.777216033,0.640736394,64.07363936,24,
B0045,49,3.330177329,9.450565126,0.768151852,0.633263889,63.32638891,23,
B0045,50,3.31591269,9.581963764,0.769341355,0.634244514,63.42445144,22,
B0045,51,3.326541943,9.564249494,0.773020727,0.637277786,63.72777859,21,
B0045,52,3.320863509,9.512091839,0.772464874,0.636819541,63.68195411,20,
B0045,53,3.33553348,9.340139314,0.757515299,0.624495122,62.44951219,19,
B0045,54,3.245451194,10.11715805,0.76085364,0.627247248,62.72472479,18,
B0045,55,3.309561389,9.398927831,0.774797208,0.638742316,63.87423162,17,
B0045,56,3.319985137,9.649852973,0.810234813,0.667957055,66.79570547,16,
B0045,57,3.322601532,9.608166954,0.799316886,0.658956323,65.89563227,15,
B0045,58,3.300797527,9.651536047,0.779805814,0.642871407,64.28714073,14,
B0045,59,3.33249484,9.516413788,0.77360542,0.637759807,63.77598072,13,
B0045,60,3.313621401,9.700398924,0.774387709,0.638404726,63.84047256,12,
B0045,61,3.288946937,9.678398481,0.746905614,0.615748504,61.5748504,11,
B0045,62,3.319367571,9.533795005,0.748660272,0.617195043,61.71950433,10,
B0045,63,3.328463541,9.612909874,0.766802555,0.63215153,63.21515297,9,
B0045,64,3.307839313,9.703119507,0.767795777,0.632970341,63.29703407,8,
B0045,65,3.315362725,9.592693029,0.75279535,0.620603999,62.06039989,7,
B0045,67,3.269521469,9.772992686,0.77174429,0.636225492,63.62254921,5,
B0045,68,3.328302888,9.521263419,0.789295895,0.650695024,65.06950241,4,
B0045,69,3.340932116,9.509480092,0.775491357,0.639314572,63.93145724,3,
B0045,70,3.320551193,9.516233403,0.761734389,0.627973336,62.79733365,2,
B0045,71,3.312729917,9.695821599,0.756496261,0.623655027,62.36550271,1,
B0045,72,3.311297733,9.559726908,0.749301258,0.617723472,61.77234715,0,
B0046,1,3.440964532,9.035891964,1.798180493,1,100,71,
B0046,2,3.425254559,8.872109574,1.578108267,0.87761394,87.761394,70,
B0046,3,3.424120421,8.633843348,1.564047604,0.869794556,86.97945563,69,
B0046,4,3.423608436,8.631360918,1.548187321,0.860974372,86.09743723,68,
B0046,5,3.421145535,8.67696821,1.535786886,0.854078271,85.40782706,67,
B0046,6,3.41821164,8.714755394,1.525487947,0.848350848,84.83508482,66,
B0046,7,3.38959857,8.952164401,1.524962297,0.848058525,84.80585254,65,
B0046,8,3.40335076,8.965278382,1.529757321,0.850725123,85.07251232,64,
B0046,9,3.408987598,8.857079945,1.511293178,0.840456886,84.04568861,63,
B0046,10,3.405344637,8.951187295,1.49948522,0.833890272,83.38902715,62,
B0046,11,3.403246161,8.966158041,1.487585278,0.827272503,82.72725034,61,
B0046,12,3.396770951,8.972930849,1.479759749,0.822920588,82.29205883,60,
B0046,13,3.372196461,9.032800037,1.498882167,0.833554903,83.35549033,59,
B0046,14,3.396209683,8.866609149,1.509752399,0.839600032,83.96000318,58,
B0046,15,3.398972671,8.917219383,1.494524779,0.831131683,83.11316829,57,
B0046,16,3.395676081,8.934512595,1.473998679,0.819716755,81.97167552,56,
B0046,17,3.390339958,9.000447375,1.465357024,0.814910978,81.49109779,55,
B0046,18,3.387564802,9.016720197,1.452888716,0.807977131,80.79771311,54,
B0046,19,3.375588926,8.999593683,1.442542346,0.802223332,80.22233317,53,
B0046,21,3.377144224,9.073580269,1.491014563,0.829179589,82.91795894,51,
B0046,22,3.373906977,9.035703498,1.424675237,0.792287116,79.22871161,50,
B0046,23,3.373037777,9.042849407,1.410653868,0.784489585,78.44895846,49,
B0046,24,3.361814921,9.103478864,1.403604251,0.780569168,78.05691676,48,
B0046,25,3.367596012,9.086268203,1.394048584,0.775255092,77.52550922,47,
B0046,26,3.361956731,9.113491912,1.385134358,0.770297734,77.02977335,46,
B0046,27,3.360770876,8.97747617,1.369809987,0.761775579,76.17755793,45,
B0046,28,3.358125516,9.205520239,1.364734653,0.758953096,75.89530961,44,
B0046,29,3.345414572,9.153972927,1.360883611,0.756811464,75.68114635,43,
B0046,30,3.353800882,9.111354213,1.349965591,0.750739759,75.07397595,42,
B0046,31,3.350657274,9.163824508,1.340231798,0.745326625,74.53266252,41,
B0046,32,3.34904783,9.165326915,1.328935791,0.739044716,73.90447155,40,
B0046,33,3.342155427,9.191308687,1.325910889,0.737362514,73.73625138,39,
B0046,34,3.320503012,9.274157631,1.372042109,0.763016902,76.30169018,38,
B0046,35,3.349264183,9.271981913,1.395436157,0.776026746,77.6026746,37,
B0046,36,3.357453693,9.033984665,1.364993778,0.7590972,75.90972001,36,
B0046,37,3.353525476,9.172120652,1.351492795,0.751589065,75.15890647,35,
B0046,38,3.347073227,9.0933654,1.339271882,0.744792799,74.47927985,34,
B0046,39,3.348504627,9.119927887,1.323052692,0.73577302,73.57730201,33,
B0046,40,3.332816913,9.185345552,1.321172279,0.734727289,73.47272891,32,
B0046,41,3.343773088,9.156968539,1.303635666,0.724974868,72.4974868,31,
B0046,42,3.336769881,9.087750883,1.293463553,0.719317976,71.93179761,30,
B0046,43,3.333058451,9.184456763,1.288160024,0.71636859,71.636859,29,
B0046,44,3.325379556,9.240696874,1.27423669,0.708625577,70.86255772,28,
B0046,45,3.319242523,9.194602521,1.271852486,0.707299679,70.72996793,27,
B0046,46,3.327359417,9.046655942,1.262380851,0.702032336,70.20323356,26,
B0046,47,3.325963235,9.26195925,1.256415949,0.698715148,69.87151475,25,
B0046,48,3.322240958,9.252994157,1.250959296,0.695680606,69.56806064,24,
B0046,49,3.323157024,9.277312206,1.241264974,0.690289423,69.02894227,23,
B0046,50,3.311478994,9.331127163,1.239388417,0.689245836,68.92458357,22,
B0046,51,3.317044102,9.266824206,1.232541538,0.685438165,68.54381653,21,
B0046,52,3.314496923,9.20992134,1.223335446,0.680318494,68.03184943,20,
B0046,53,3.315933996,9.172136248,1.213346452,0.674763438,67.47634382,19,
B0046,55,3.29383196,9.273601385,1.327691211,0.738352583,73.83525826,17,
B0046,56,3.320592783,9.311634786,1.306056118,0.726320924,72.63209242,16,
B0046,57,3.332144897,9.306501253,1.282882168,0.71343348,71.34334803,15,
B0046,58,3.327310635,9.372818919,1.268168504,0.705250951,70.52509514,14,
B0046,59,3.326398154,9.565977385,1.263094895,0.702429428,70.24294278,13,
B0046,60,3.324081153,9.61325381,1.252297961,0.696425062,69.6425062,12,
B0046,61,3.287552208,9.670689719,1.261648856,0.70162526,70.16252597,11,
B0046,62,3.312368012,9.660074492,1.274613151,0.708834934,70.8834934,10,
B0046,63,3.320267294,9.610732085,1.255546777,0.698231786,69.8231786,9,
B0046,64,3.322000558,9.509606752,1.236253748,0.687502591,68.75025909,8,
B0046,65,3.316995919,9.553768,1.230558132,0.684335158,68.43351583,7,
B0046,67,3.304824959,9.689325427,1.362163531,0.75752325,75.75232498,5,
B0046,68,3.320937488,9.556603392,1.301039934,0.723531336,72.35313355,4,
B0046,69,3.330905794,9.498922579,1.281324293,0.712567119,71.25671186,3,
B0046,70,3.322311676,9.540517815,1.273236992,0.708069628,70.80696276,2,
B0046,71,3.326524582,9.519831151,1.251671746,0.696076812,69.60768124,1,
B0046,72,3.325662411,9.508632239,1.241691969,0.690526882,69.05268818,0,
B0047,1,3.473688879,8.276634639,1.705983494,1,100,71,
B0047,2,3.476558819,8.210715424,1.548591104,0.907740965,90.77409655,70,
B0047,3,3.470766964,7.954455064,1.532369182,0.898232126,89.82321265,69,
B0047,4,3.468236092,7.980159804,1.511710856,0.886122791,88.61227914,68,
B0047,5,3.461059501,8.017115744,1.495304482,0.876505832,87.65058318,67,
B0047,6,3.459745294,8.028123984,1.477110555,0.865841059,86.58410591,66,
B0047,7,3.439095014,8.160641169,1.474120123,0.864088151,86.40881507,65,
B0047,8,3.448102277,8.230899786,1.463199177,0.857686597,85.76865966,64,
B0047,9,3.449665464,8.146945225,1.443852287,0.846345989,84.63459886,63,
B0047,10,3.444912372,8.251894856,1.428379296,0.837276152,83.72761523,62,
B0047,11,3.441830864,8.234975189,1.413185458,0.828369948,82.83699476,61,
B0047,12,3.434468178,8.269239828,1.401301064,0.821403647,82.14036468,60,
B0047,13,3.430685778,8.225650869,1.438478575,0.843196068,84.31960681,59,
B0047,14,3.442078085,8.161265086,1.43444202,0.840829952,84.08299525,58,
B0047,15,3.442467881,8.253012393,1.415466745,0.829707175,82.97071746,57,
B0047,16,3.431954969,8.298550285,1.39919508,0.820169178,82.01691779,56,
B0047,17,3.432751731,8.318107121,1.378510359,0.808044371,80.80443707,55,
B0047,18,3.42754213,8.297420114,1.361774924,0.798234525,79.82345249,54,
B0047,19,3.417105967,8.320143302,1.347884406,0.79009229,79.00922902,53,
B0047,21,3.414386239,8.387497724,1.372233327,0.804364949,80.43649493,51,
B0047,22,3.418816925,8.291812385,1.321685749,0.774735367,77.47353673,50,
B0047,23,3.414827572,8.306710082,1.310862942,0.768391339,76.83913392,49,
B0047,24,3.40959173,8.401755925,1.296966867,0.760245847,76.02458475,48,
B0047,25,3.405619312,8.39672164,1.295284278,0.75925956,75.92595603,47,
B0047,26,3.407153926,8.406627156,1.27856178,0.749457298,74.9457298,46,
B0047,27,3.40265262,8.287625057,1.267110292,0.742744755,74.27447547,45,
B0047,28,3.398740762,8.491902365,1.261449098,0.739426321,73.94263207,44,
B0047,29,3.394464287,8.429700031,1.251378757,0.733523367,73.35233671,43,
B0047,30,3.389598025,8.439775106,1.250855778,0.733216811,73.32168115,42,
B0047,31,3.388633746,8.469819744,1.240932486,0.727400054,72.74000539,41,
B0047,32,3.393266789,8.459204967,1.225597599,0.718411171,71.84111708,40,
B0047,33,3.383460852,8.489223308,1.223930077,0.717433715,71.74337154,39,
B0047,34,3.384468461,8.477056414,1.297814437,0.760742669,76.07426694,38,
B0047,35,3.402095154,8.553128335,1.302559467,0.763524074,76.35240736,37,
B0047,36,3.404875705,8.335951711,1.280501036,0.750594036,75.05940358,36,
B0047,37,3.397737843,8.481468326,1.267319953,0.742867652,74.28676524,35,
B0047,38,3.392093589,8.41711274,1.250821553,0.73319675,73.31967499,34,
B0047,39,3.395549365,8.465668851,1.233960035,0.723312997,72.33129973,33,
B0047,40,3.384714157,8.500946579,1.228380099,0.720042195,72.00421948,32,
B0047,41,3.379580822,8.539535529,1.227455094,0.719499982,71.94999821,31,
B0047,42,3.380809762,8.420605359,1.20933955,0.708881155,70.88811554,30,
B0047,43,3.38202676,8.512157133,1.199879793,0.703336109,70.33361091,29,
B0047,44,3.376424701,8.546027379,1.193953774,0.699862442,69.98624421,28,
B0047,45,3.372901986,8.441252363,1.187253871,0.695935145,69.59351453,27,
B0047,46,3.378642488,8.334392904,1.178094342,0.690566085,69.05660847,26,
B0047,47,3.370172138,8.54898342,1.180425096,0.691932308,69.19323077,25,
B0047,48,3.367920944,8.545644002,1.174757074,0.688609871,68.8609871,24,
B0047,49,3.372789498,8.511922284,1.163299022,0.68189348,68.18934801,23,
B0047,50,3.357255512,8.579022356,1.170849082,0.686319115,68.63191151,22,
B0047,51,3.366621503,8.511560876,1.155787297,0.677490316,67.74903164,21,
B0047,52,3.357822546,8.50942649,1.158983893,0.679364072,67.93640718,20,
B0047,53,3.368642047,8.445602008,1.140907299,0.668768076,66.87680761,19,
B0047,55,3.372493004,8.476574572,1.234003906,0.723338714,72.33387138,17,
B0047,56,3.382530566,8.55443862,1.236287596,0.724677349,72.46773487,16,
B0047,57,3.383937061,8.602138572,1.225824724,0.718544305,71.85443046,15,
B0047,58,3.383401635,8.717549553,1.207430968,0.707762397,70.77623973,14,
B0047,59,3.384139592,9.003534328,1.202184541,0.704687088,70.46870881,13,
B0047,60,3.38277718,9.028526179,1.191037981,0.698153285,69.81532851,12,
B0047,61,3.361955826,9.037363018,1.197870734,0.702158455,70.21584548,11,
B0047,62,3.376166824,9.082135311,1.204660987,0.706138712,70.61387119,10,
B0047,63,3.380322357,9.039739898,1.194315168,0.700074281,70.00742812,9,
B0047,64,3.37627362,8.974469671,1.183637793,0.693815501,69.38155011,8,
B0047,65,3.374465176,9.036875448,1.174032253,0.688185001,68.81850011,7,
B0047,67,3.385080799,9.095394308,1.261274385,0.739323908,73.93239084,5,
B0047,68,3.390089045,9.009063914,1.238912562,0.726216031,72.62160308,4,
B0047,69,3.391988585,8.958051495,1.225579346,0.718400471,71.84004714,3,
B0047,70,3.383553622,8.982115926,1.213304028,0.711205022,71.12050215,2,
B0047,71,3.383817099,9.037146843,1.198627346,0.70260196,70.26019598,1,
B0047,72,3.38188467,9.009035929,1.18852256,0.696678816,69.66788157,0,
B0048,1,3.46532782,7.895271662,1.660166313,1,100,71,
B0048,2,3.456202555,7.968143328,1.505852255,0.907049037,90.70490367,70,
B0048,3,3.455472919,7.708232069,1.500959149,0.904101678,90.41016779,69,
B0048,4,3.457846433,7.709339379,1.48037663,0.891703812,89.17038123,68,
B0048,5,3.456196278,7.73284203,1.466524091,0.883359745,88.33597454,67,
B0048,6,3.452299794,7.719271389,1.453019027,0.87522498,87.52249796,66,
B0048,7,3.436621736,7.850560797,1.45380367,0.875697609,87.56976087,65,
B0048,8,3.445209602,7.892429642,1.446462901,0.871275902,87.12759019,64,
B0048,9,3.446016926,7.839265362,1.437374151,0.8658013,86.58012998,63,
B0048,10,3.444103299,7.900090885,1.419301266,0.85491511,85.49151102,62,
B0048,11,3.441861489,7.929014031,1.40779496,0.847984295,84.7984295,61,
B0048,12,3.439415019,7.946490332,1.392364576,0.838689814,83.86898142,60,
B0048,13,3.428256142,7.885362839,1.421774801,0.856405042,85.64050422,59,
B0048,14,3.440733,7.804651658,1.421151906,0.856029842,85.6029842,58,
B0048,15,3.443313031,7.86528045,1.406360577,0.847120295,84.71202952,57,
B0048,16,3.435585555,7.878072734,1.393697063,0.839492437,83.94924366,56,
B0048,17,3.433449652,7.878684634,1.377108997,0.829500627,82.95006269,55,
B0048,18,3.432652791,7.899449723,1.359197137,0.818711431,81.87114309,54,
B0048,19,3.42587641,7.899111106,1.346145652,0.810849878,81.08498777,53,
B0048,21,3.42274705,7.934741685,1.374512865,0.827936849,82.79368486,51,
B0048,22,3.427803577,7.860966575,1.320507632,0.795406835,79.54068348,50,
B0048,23,3.42422591,7.884320037,1.313440851,0.791150164,79.1150164,49,
B0048,24,3.417754765,7.941348351,1.299188984,0.782565562,78.25655623,48,
B0048,25,3.417170181,7.974861925,1.301648211,0.784046876,78.40468758,47,
B0048,26,3.41507223,7.954144064,1.284820916,0.773910967,77.39109667,46,
B0048,27,3.411414783,7.85604247,1.277433441,0.769461126,76.94611262,45,
B0048,28,3.405839892,8.014577085,1.275698103,0.768415847,76.84158471,44,
B0048,29,3.404528413,7.95153884,1.261582796,0.759913502,75.99135018,43,
B0048,30,3.402923691,8.008186463,1.265296998,0.762150749,76.21507486,42,
B0048,31,3.405592471,8.02784182,1.251330593,0.753738095,75.37380945,41,
B0048,32,3.404872589,7.997161571,1.23616562,0.744603484,74.46034837,40,
B0048,33,3.397364729,8.044927766,1.242243443,0.748264456,74.82644559,39,
B0048,34,3.400781736,8.003504467,1.305800232,0.786547843,78.65478427,38,
B0048,35,3.409381411,8.070095401,1.319813116,0.794988493,79.49884933,37,
B0048,36,3.415373716,7.879940635,1.29100495,0.777635915,77.7635915,36,
B0048,37,3.40748334,8.032494526,1.289834344,0.776930801,77.69308015,35,
B0048,38,3.404737539,7.919152945,1.269487835,0.764675096,76.46750964,34,
B0048,39,3.406870232,7.988920352,1.248568291,0.752074224,75.2074224,33,
B0048,40,3.396103704,7.99830076,1.25347673,0.755030819,75.50308187,32,
B0048,41,3.398916278,8.021072554,1.250145724,0.75302439,75.30243897,31,
B0048,42,3.394437075,7.958487392,1.232242105,0.742240157,74.2240157,30,
B0048,43,3.394047969,7.950884787,1.226555061,0.73881457,73.88145704,29,
B0048,44,3.39309788,8.01120738,1.220817147,0.735358342,73.53583417,28,
B0048,45,3.388732174,7.963679137,1.201760436,0.723879546,72.38795456,27,
B0048,46,3.396274195,7.815709044,1.19693622,0.720973682,72.09736825,26,
B0048,47,3.389219495,8.032965421,1.207374178,0.727260979,72.72609793,25,
B0048,48,3.383800374,8.036275701,1.193490052,0.718897885,71.88978855,24,
B0048,49,3.388625988,8.024431472,1.191038477,0.717421181,71.74211813,23,
B0048,50,3.378924312,8.076361478,1.193723189,0.719038316,71.90383157,22,
B0048,51,3.39107969,7.970212607,1.174836467,0.707661912,70.76619117,21,
B0048,52,3.379938348,7.960438135,1.186261958,0.714544048,71.45440484,20,
B0048,53,3.387777251,7.901552744,1.159896171,0.698662635,69.86626352,19,
B0048,55,3.391426788,7.916928215,1.261563797,0.759902058,75.99020576,17,
B0048,56,3.397650313,8.014199861,1.268053067,0.763810865,76.3810865,16,
B0048,57,3.403773467,8.028918542,1.249418671,0.75258645,75.25864498,15,
B0048,58,3.402893043,8.07763711,1.237585518,0.745458758,74.54587582,14,
B0048,59,3.399016584,8.271954682,1.236715346,0.744934611,74.49346108,13,
B0048,60,3.400731873,8.27825823,1.22296297,0.736650877,73.66508769,12,
B0048,61,3.38782814,8.275599021,1.229727726,0.740725623,74.07256229,11,
B0048,62,3.392828607,8.334879278,1.243478638,0.749008475,74.90084747,10,
B0048,63,3.396599979,8.325681708,1.230530443,0.741209139,74.1209139,9,
B0048,64,3.400713037,8.24203142,1.211750583,0.729897104,72.98971035,8,
B0048,65,3.392483378,8.29775686,1.212980915,0.730638193,73.06381934,7,
B0048,67,3.40078898,8.30984514,1.304723821,0.785899467,78.58994674,5,
B0048,68,3.408091866,8.232765443,1.271332969,0.765786511,76.57865113,4,
B0048,69,3.411728105,8.192814939,1.260333005,0.759160691,75.91606909,3,
B0048,70,3.407684284,8.228818473,1.254193066,0.755462303,75.54623032,2,
B0048,71,3.400986418,8.252469148,1.235281466,0.744070914,74.40709144,1,
B0048,72,3.406745721,8.219372552,1.225332858,0.738078377,73.80783773,0,
B0049,1,3.053366989,13.05285775,0.952821921,1,100,24,
B0049,16,3.055609641,12.33551373,0.968254827,1.016197051,100,9,
B0049,19,3.197596648,12.77810335,0.944185273,0.990935717,99.09357172,6,
B0049,20,3.048704288,12.43174282,0.940152956,0.986703743,98.67037429,5,
B0049,22,3.029449055,12.37500076,0.902021607,0.946684357,94.66843567,3,
B0049,23,2.977231197,13.14601354,0.96620911,1.014050043,100,2,
B0049,24,3.022114915,12.41982037,0.897549877,0.941991213,94.19912133,1,
B0049,25,2.963498962,13.21472704,0.950343901,0.997399283,99.73992833,0,
B0050,1,3.058057703,14.106047,0.941293725,1,100,14,
B0050,15,3.200169809,12.16329699,0.622371528,0.661187376,66.11873756,0,
B0051,1,3.147382782,13.5599305,0.687723294,1,100,0,
B0052,1,3.105979881,13.14696658,0.857893462,1,100,0,
B0053,1,3.08283891,11.98857657,1.308078118,1,100,54,
B0053,10,3.095128536,12.24519155,1.359315087,1.039169656,100,45,
B0053,11,3.072830934,12.2273552,1.369740993,1.047140055,100,44,
B0053,12,3.099251226,12.16307394,1.341467597,1.0255256,100,43,
B0053,13,3.075996481,12.2925427,1.360429283,1.040021436,100,42,
B0053,14,3.07150432,12.15569409,1.348176451,1.030654387,100,41,
B0053,15,3.090834896,12.36459536,1.34219453,1.026081326,100,40,
B0053,16,3.070553608,12.1283244,1.346054673,1.02903233,100,39,
B0053,17,3.087460321,12.30212928,1.334089825,1.019885439,100,38,
B0053,18,3.066129944,12.40456289,1.347615422,1.030225492,100,37,
B0053,19,3.064878739,12.13341884,1.337856002,1.022764607,100,36,
B0053,20,3.092059329,12.14681496,1.311423964,1.002557834,100,35,
B0053,21,3.069748736,12.52701328,1.339840469,1.024281693,100,34,
B0053,22,3.063652288,12.21243992,1.359887537,1.039607282,100,33,
B0053,23,3.081738329,12.53380013,1.361245395,1.040645338,100,32,
B0053,24,3.071265357,12.15752125,1.34334018,1.026957153,100,31,
B0053,25,3.071991009,12.53328085,1.343413889,1.027013502,100,30,
B0053,26,3.081721091,12.12975239,1.31459176,1.004979551,100,29,
B0053,27,3.06561811,12.4375809,1.332301901,1.018518606,100,28,
B0053,28,3.078450046,12.499987,1.32178118,1.010475721,100,27,
B0053,29,3.056852449,12.4477955,1.332430818,1.01861716,100,26,
B0053,30,3.070668465,12.12683073,1.30428967,0.997103806,99.71038057,25,
B0053,31,3.057343395,12.5612073,1.306566967,0.998844754,99.88447544,24,
B0053,32,3.053598257,12.16947494,1.30585583,0.998301104,99.83011043,23,
B0053,33,3.045761045,12.43939687,1.314218814,1.004694441,100,22,
B0053,34,3.077258112,12.19451959,1.289259701,0.98561369,98.56136899,21,
B0053,35,3.076427441,12.32467046,1.293061848,0.988520357,98.85203566,20,
B0053,36,3.067630467,12.49040399,1.295842303,0.99064596,99.06459598,19,
B0053,37,3.058626224,12.49323358,1.300183623,0.993964814,99.39648139,18,
B0053,38,3.05966003,12.53088277,1.302194592,0.99550216,99.55021597,17,
B0053,39,3.054579042,12.4996641,1.299588295,0.993509697,99.3509697,16,
B0053,40,3.050692756,12.23314748,1.290439471,0.986515601,98.6515601,15,
B0053,41,3.064626457,12.41291444,1.283104875,0.980908447,98.09084467,14,
B0053,42,3.051595421,12.61625165,1.295626447,0.990480942,99.04809424,13,
B0053,45,3.059288607,12.56812028,1.36194295,1.041178605,100,10,
B0053,46,3.093317589,12.55044885,1.336807101,1.021962743,100,9,
B0053,47,3.074938076,12.43236995,1.334361114,1.020092833,100,8,
B0053,48,3.067728027,12.51661003,1.332164778,1.018413778,100,7,
B0053,49,3.057902918,12.41653502,1.321593635,1.010332347,100,6,
B0053,50,3.069633672,12.86442209,1.328628179,1.015710117,100,5,
B0053,51,3.077470396,12.45288713,1.305766687,0.998232956,99.82329561,4,
B0053,52,3.065650899,12.71716751,1.315918737,1.005993999,100,3,
B0053,53,3.081586776,12.51345601,1.295154599,0.990120223,99.01202235,2,
B0053,54,3.080080109,12.53086382,1.292799467,0.988319771,98.83197714,1,
B0053,55,3.063813027,12.90029439,1.312809088,1.003616733,100,0,
B0054,1,3.205983226,12.48922969,0.853855172,1,100,0,
B0055,1,3.153346186,12.20719942,0.854757654,1,100,0,
B0056,1,3.241611066,10.33436446,0.794082625,1,100,0,
